,country,year,iso_code,population,gdp,biofuel_cons_change_pct,biofuel_cons_change_twh,biofuel_cons_per_capita,biofuel_consumption,biofuel_elec_per_capita,biofuel_electricity,biofuel_share_elec,biofuel_share_energy,carbon_intensity_elec,coal_cons_change_pct,coal_cons_change_twh,coal_cons_per_capita,coal_consumption,coal_elec_per_capita,coal_electricity,coal_prod_change_pct,coal_prod_change_twh,coal_prod_per_capita,coal_production,coal_share_elec,coal_share_energy,electricity_demand,electricity_generation,energy_cons_change_pct,energy_cons_change_twh,energy_per_capita,energy_per_gdp,fossil_cons_change_pct,fossil_cons_change_twh,fossil_elec_per_capita,fossil_electricity,fossil_energy_per_capita,fossil_fuel_consumption,fossil_share_elec,fossil_share_energy,gas_cons_change_pct,gas_cons_change_twh,gas_consumption,gas_elec_per_capita,gas_electricity,gas_energy_per_capita,gas_prod_change_pct,gas_prod_change_twh,gas_prod_per_capita,gas_production,gas_share_elec,gas_share_energy,greenhouse_gas_emissions,hydro_cons_change_pct,hydro_cons_change_twh,hydro_consumption,hydro_elec_per_capita,hydro_electricity,hydro_energy_per_capita,hydro_share_elec,hydro_share_energy,low_carbon_cons_change_pct,low_carbon_cons_change_twh,low_carbon_consumption,low_carbon_elec_per_capita,low_carbon_electricity,low_carbon_energy_per_capita,low_carbon_share_elec,low_carbon_share_energy,net_elec_imports,net_elec_imports_share_demand,nuclear_cons_change_pct,nuclear_cons_change_twh,nuclear_consumption,nuclear_elec_per_capita,nuclear_electricity,nuclear_energy_per_capita,nuclear_share_elec,nuclear_share_energy,oil_cons_change_pct,oil_cons_change_twh,oil_consumption,oil_elec_per_capita,oil_electricity,oil_energy_per_capita,oil_prod_change_pct,oil_prod_change_twh,oil_prod_per_capita,oil_production,oil_share_elec,oil_share_energy,other_renewable_consumption,other_renewable_electricity,other_renewable_exc_biofuel_electricity,other_renewables_cons_change_pct,other_renewables_cons_change_twh,other_renewables_elec_per_capita,other_renewables_elec_per_capita_exc_biofuel,other_renewables_energy_per_capita,other_renewables_share_elec,other_renewables_share_elec_exc_biofuel,other_renewables_share_energy,per_capita_electricity,primary_energy_consumption,renewables_cons_change_pct,renewables_cons_change_twh,renewables_consumption,renewables_elec_per_capita,renewables_electricity,renewables_energy_per_capita,renewables_share_elec,renewables_share_energy,solar_cons_change_pct,solar_cons_change_twh,solar_consumption,solar_elec_per_capita,solar_electricity,solar_energy_per_capita,solar_share_elec,solar_share_energy,wind_cons_change_pct,wind_cons_change_twh,wind_consumption,wind_elec_per_capita,wind_electricity,wind_energy_per_capita,wind_share_elec,wind_share_energy
21009,United States,1900,USA,78763706.0,613998133248.0,,,,,,,,,,,,,,,,,,23226.369,1829.395,,,,,,,,,,,,,,,,,,,,,,,,,937.493,73.84,,,,,,,,,,,,,,,,,,,,,,,,,,,,,,,,,,,,,,1252.425,98.646,,,,,,,,,,,,,,,,,,,,,,,,,,,,,,,,,,,,,,,
21010,United States,1901,USA,80336086.0,683106041856.0,,,,,,,,,,,,,,,,8.757,160.198,24765.869,1989.593,,,,,,,,,,,,,,,,,,,,,,,10.817,7.988,1018.572,81.828,,,,,,,,,,,,,,,,,,,,,,,,,,,,,,,,,,,,9.078,8.955,1339.383,107.601,,,,,,,,,,,,,,,,,,,,,,,,,,,,,,,,,,,,,,,
21011,United States,1902,USA,81949920.0,690126913536.0,,,,,,,,,,,,,,,,4.33,86.156,25329.479,2075.749,,,,,,,,,,,,,,,,,,,,,,,9.761,7.988,1095.983,89.816,,,,,,,,,,,,,,,,,,,,,,,,,,,,,,,,,,,,27.918,30.04,1679.575,137.641,,,,,,,,,,,,,,,,,,,,,,,,,,,,,,,,,,,,,,,
21012,United States,1903,USA,83606240.0,723766345728.0,,,,,,,,,,,,,,,,16.783,348.37,28994.467,2424.118,,,,,,,,,,,,,,,,,,,,,,,8.893,7.988,1169.809,97.803,,,,,,,,,,,,,,,,,,,,,,,,,,,,,,,,,,,,13.181,18.143,1863.304,155.784,,,,,,,,,,,,,,,,,,,,,,,,,,,,,,,,,,,,,,,
21013,United States,1904,USA,85296008.0,714621845504.0,,,,,,,,,,,,,,,,-1.55,-37.574,27979.551,2386.544,,,,,,,,,,,,,,,,,,,,,,,8.167,7.988,1240.281,105.791,,,,,,,,,,,,,,,,,,,,,,,,,,,,,,,,,,,,16.543,25.772,2128.54,181.556,,,,,,,,,,,,,,,,,,,,,,,,,,,,,,,,,,,,,,,
21014,United States,1905,USA,87019897.0,767532728320.0,,,,,,,,,,,,,,,,11.627,277.483,30613.996,2664.027,,,,,,,,,,,,,,,,,,,,,,,7.55,7.988,1307.501,113.779,,,,,,,,,,,,,,,,,,,,,,,,,,,,,,,,,,,,15.06,27.342,2400.578,208.898,,,,,,,,,,,,,,,,,,,,,,,,,,,,,,,,,,,,,,,
21015,United States,1906,USA,88778597.0,855994269696.0,,,,,,,,,,,,,,,,5.458,145.4,31645.318,2809.427,,,,,,,,,,,,,,,,,,,,,,,7.02,7.988,1371.572,121.766,,,,,,,,,,,,,,,,,,,,,,,,,,,,,,,,,,,,-6.102,-12.746,2209.447,196.152,,,,,,,,,,,,,,,,,,,,,,,,,,,,,,,,,,,,,,,
21016,United States,1907,USA,90572810.0,869070536704.0,,,,,,,,,,,,,,,,15.986,449.107,35976.953,3258.534,,,,,,,,,,,,,,,,,,,,,,,6.56,7.988,1432.592,129.754,,,,,,,,,,,,,,,,,,,,,,,,,,,,,,,,,,,,31.306,61.406,2843.657,257.558,,,,,,,,,,,,,,,,,,,,,,,,,,,,,,,,,,,,,,,
21017,United States,1908,USA,92403252.0,799355568128.0,,,,,,,,,,,,,,,,-13.431,-437.666,30527.797,2820.868,,,,,,,,,,,,,,,,,,,,,,,6.156,7.988,1490.657,137.742,,,,,,,,,,,,,,,,,,,,,,,,,,,,,,,,,,,,7.487,19.283,2996.004,276.841,,,,,,,,,,,,,,,,,,,,,,,,,,,,,,,,,,,,,,,
21018,United States,1909,USA,94167861.0,890110017536.0,,,,,,,,,,,,,,,,10.814,305.06,33195.27,3125.927,,,,,,,,,,,,,,,,,,,,,,,5.799,7.988,1547.547,145.729,,,,,,,,,,,,,,,,,,,,,,,,,,,,,,,,,,,,2.6,7.199,3016.31,284.039,,,,,,,,,,,,,,,,,,,,,,,,,,,,,,,,,,,,,,,
21019,United States,1910,USA,95863718.0,893975396352.0,,,,,,,,,,,,,,,,8.85,276.638,35493.777,3402.565,,,,,,,,,,,,,,,,,,,,,,,5.481,7.988,1603.493,153.717,,,,,,,,,,,,,,,,,,,,,,,,,,,,,,,,,,,,14.404,40.914,3389.748,324.954,,,,,,,,,,,,,,,,,,,,,,,,,,,,,,,,,,,,,,,
21020,United States,1911,USA,97487822.0,917451767808.0,,,,,,,,,,,,,,,,-1.042,-35.443,34538.898,3367.122,,,,,,,,,,,,,,,,,,,,,,,5.391,8.286,1661.779,162.003,,,,,,,,,,,,,,,,,,,,,,,,,,,,,,,,,,,,5.197,16.887,3506.495,341.841,,,,,,,,,,,,,,,,,,,,,,,,,,,,,,,,,,,,,,,
21021,United States,1912,USA,99037086.0,954787430400.0,,,,,,,,,,,,,,,,7.675,258.423,36607.949,3625.545,,,,,,,,,,,,,,,,,,,,,,,5.115,8.286,1719.453,170.29,,,,,,,,,,,,,,,,,,,,,,,,,,,,,,,,,,,,1.13,3.861,3490.629,345.702,,,,,,,,,,,,,,,,,,,,,,,,,,,,,,,,,,,,,,,
21022,United States,1913,USA,100508338.0,986598473728.0,,,,,,,,,,,,,,,,6.641,240.768,38467.586,3866.313,,,,,,,,,,,,,,,,,,,,,,,4.866,8.286,1776.728,178.576,,,,,,,,,,,,,,,,,,,,,,,,,,,,,,,,,,,,11.442,39.554,3833.069,385.255,,,,,,,,,,,,,,,,,,,,,,,,,,,,,,,,,,,,,,,
21023,United States,1914,USA,102001413.0,905134473216.0,,,,,,,,,,,,,,,,-9.901,-382.818,34151.434,3483.495,,,,,,,,,,,,,,,,,,,,,,,4.64,8.286,1831.958,186.862,,,,,,,,,,,,,,,,,,,,,,,,,,,,,,,,,,,,6.97,26.854,4040.229,412.109,,,,,,,,,,,,,,,,,,,,,,,,,,,,,,,,,,,,,,,
21024,United States,1915,USA,103516631.0,925041164288.0,,,,,,,,,,,,,,,,3.505,122.1,34831.066,3605.595,,,,,,,,,,,,,,,,,,,,,,,4.434,8.286,1885.191,195.149,,,,,,,,,,,,,,,,,,,,,,,,,,,,,,,,,,,,5.771,23.783,4210.844,435.892,,,,,,,,,,,,,,,,,,,,,,,,,,,,,,,,,,,,,,,
21025,United States,1916,USA,105054323.0,1046397583360.0,,,,,,,,,,,,,,,,11.0,396.622,38096.641,4002.217,,,,,,,,,,,,,,,,,,,,,,,4.246,8.286,1936.475,203.435,,,,,,,,,,,,,,,,,,,,,,,,,,,,,,,,,,,,6.99,30.471,4439.256,466.363,,,,,,,,,,,,,,,,,,,,,,,,,,,,,,,,,,,,,,,
21026,United States,1917,USA,106614820.0,1014196338688.0,,,,,,,,,,,,,,,,10.389,415.794,41438.996,4418.011,,,,,,,,,,,,,,,,,,,,,,,4.073,8.286,1985.853,211.721,,,,,,,,,,,,,,,,,,,,,,,,,,,,,,,,,,,,11.496,53.614,4877.158,519.977,,,,,,,,,,,,,,,,,,,,,,,,,,,,,,,,,,,,,,,
21027,United States,1918,USA,108135496.0,1099047305216.0,,,,,,,,,,,,,,,,4.134,182.63,42545.156,4600.642,,,,,,,,,,,,,,,,,,,,,,,3.914,8.286,2034.556,220.008,,,,,,,,,,,,,,,,,,,,,,,,,,,,,,,,,,,,6.144,31.948,5104.013,551.925,,,,,,,,,,,,,,,,,,,,,,,,,,,,,,,,,,,,,,,
21028,United States,1919,USA,109687474.0,1102169636864.0,,,,,,,,,,,,,,,,-18.322,-842.917,34258.465,3757.725,,,,,,,,,,,,,,,,,,,,,,,3.766,8.286,2081.315,228.294,,,,,,,,,,,,,,,,,,,,,,,,,,,,,,,,,,,,9.781,53.986,5523.979,605.911,,,,,,,,,,,,,,,,,,,,,,,,,,,,,,,,,,,,,,,
21029,United States,1920,USA,111271341.0,1085154983936.0,,,,,,,,,,,,,,,,18.831,707.604,40130.086,4465.329,,,,,,,,,,,,,,,,,,,,,,,3.63,8.286,2126.158,236.581,,,,,,,,,,,,,,,,,,,,,,,,,,,,,,,,,,,,19.238,116.568,6492.947,722.479,,,,,,,,,,,,,,,,,,,,,,,,,,,,,,,,,,,,,,,
21030,United States,1921,USA,112887696.0,1054213668864.0,,,,,,,,,,,,,,,,-23.071,-1030.206,30429.557,3435.123,,,,,,,,,,,,,,,,,,,,,,,3.503,8.286,2169.119,244.867,,,,,,,,,,,,,,,,,,,,,,,,,,,,,,,,,,,,4.179,30.191,6667.426,752.67,,,,,,,,,,,,,,,,,,,,,,,,,,,,,,,,,,,,,,,
21031,United States,1922,USA,114537147.0,1105913446400.0,,,,,,,,,,,,,,,,-5.814,-199.732,28247.525,3235.391,,,,,,,,,,,,,,,,,,,,,,,3.384,8.286,2210.228,253.153,,,,,,,,,,,,,,,,,,,,,,,,,,,,,,,,,,,,18.074,136.036,7759.111,888.706,,,,,,,,,,,,,,,,,,,,,,,,,,,,,,,,,,,,,,,
21032,United States,1923,USA,116220314.0,1244263743488.0,,,,,,,,,,,,,,,,37.94,1227.493,38400.203,4462.884,,,,,,,,,,,,,,,,,,,,,,,17.132,43.37,2551.387,296.523,,,,,,,,,,,,,,,,,,,,,,,,,,,,,,,,,,,,31.35,278.608,10043.981,1167.315,,,,,,,,,,,,,,,,,,,,,,,,,,,,,,,,,,,,,,,
21033,United States,1924,USA,117928215.0,1274653966336.0,,,,,,,,,,,,,,,,-13.116,-585.347,32880.484,3877.537,,,,,,,,,,,,,,,,,,,,,,,14.626,43.37,2882.201,339.893,,,,,,,,,,,,,,,,,,,,,,,,,,,,,,,,,,,,-2.338,-27.296,9667.061,1140.019,,,,,,,,,,,,,,,,,,,,,,,,,,,,,,,,,,,,,,,
21034,United States,1925,USA,119661215.0,1296540106752.0,,,,,,,,,,,,,,,,1.812,70.244,32991.312,3947.781,,,,,,,,,,,,,,,,,,,,,,,12.76,43.37,3202.897,383.263,,,,,,,,,,,,,,,,,,,,,,,,,,,,,,,,,,,,6.731,76.735,10168.323,1216.754,,,,,,,,,,,,,,,,,,,,,,,,,,,,,,,,,,,,,,,
21035,United States,1926,USA,121419682.0,1372770926592.0,,,,,,,,,,,,,,,,13.031,514.423,36750.246,4462.203,,,,,,,,,,,,,,,,,,,,,,,11.316,43.37,3513.7,426.632,,,,,,,,,,,,,,,,,,,,,,,,,,,,,,,,,,,,1.77,21.539,10198.45,1238.293,,,,,,,,,,,,,,,,,,,,,,,,,,,,,,,,,,,,,,,
21036,United States,1927,USA,123203991.0,1378144616448.0,,,,,,,,,,,,,,,,-9.113,-406.634,32917.512,4055.569,,,,,,,,,,,,,,,,,,,,,,,10.166,43.37,3814.829,470.002,,,,,,,,,,,,,,,,,,,,,,,,,,,,,,,,,,,,15.978,197.85,11656.621,1436.142,,,,,,,,,,,,,,,,,,,,,,,,,,,,,,,,,,,,,,,
21037,United States,1928,USA,125014520.0,1385247277056.0,,,,,,,,,,,,,,,,-3.641,-147.651,31259.713,3907.918,,,,,,,,,,,,,,,,,,,,,,,9.228,43.37,4106.499,513.372,,,,,,,,,,,,,,,,,,,,,,,,,,,,,,,,,,,,0.086,1.233,11497.664,1437.375,,,,,,,,,,,,,,,,,,,,,,,,,,,,,,,,,,,,,,,
21038,United States,1929,USA,126654267.0,1461345452032.0,,,,,,,,,,,,,,,,5.68,221.985,32607.688,4129.903,,,,,,,,,,,,,,,,,,,,,,,4.509,23.151,4236.118,536.522,,,,,,,,,,,,,,,,,,,,,,,,,,,,,,,,,,,,11.742,168.775,12681.369,1606.15,,,,,,,,,,,,,,,,,,,,,,,,,,,,,,,,,,,,,,,
21039,United States,1930,USA,128119335.0,1322627104768.0,,,,,,,,,,,,,,,,-11.811,-487.773,28427.637,3642.13,,,,,,,,,,,,,,,,,,,,,,,4.315,23.151,4368.373,559.673,,,,,,,,,,,,,,,,,,,,,,,,,,,,,,,,,,,,-10.852,-174.299,11175.914,1431.851,,,,,,,,,,,,,,,,,,,,,,,,,,,,,,,,,,,,,,,
21040,United States,1931,USA,129405760.0,1237725741056.0,,,,,,,,,,,,,,,,-17.727,-645.631,23155.842,2996.499,,,,,,,,,,,,,,,,,,,,,,,4.136,23.151,4503.846,582.824,,,,,,,,,,,,,,,,,,,,,,,,,,,,,,,,,,,,-5.226,-74.827,10486.576,1357.023,,,,,,,,,,,,,,,,,,,,,,,,,,,,,,,,,,,,,,,
21041,United States,1932,USA,130509510.0,1051216969728.0,,,,,,,,,,,,,,,,-18.602,-557.396,18689.086,2439.104,,,,,,,,,,,,,,,,,,,,,,,3.972,23.151,4643.141,605.974,,,,,,,,,,,,,,,,,,,,,,,,,,,,,,,,,,,,-7.746,-105.112,9592.491,1251.911,,,,,,,,,,,,,,,,,,,,,,,,,,,,,,,,,,,,,,,
21042,United States,1933,USA,131426486.0,1015524950016.0,,,,,,,,,,,,,,,,6.565,160.138,19777.152,2599.242,,,,,,,,,,,,,,,,,,,,,,,3.82,23.151,4786.894,629.125,,,,,,,,,,,,,,,,,,,,,,,,,,,,,,,,,,,,13.833,173.182,10843.275,1425.094,,,,,,,,,,,,,,,,,,,,,,,,,,,,,,,,,,,,,,,
21043,United States,1934,USA,132349904.0,1100529926144.0,,,,,,,,,,,,,,,,8.707,226.322,21349.191,2825.563,,,,,,,,,,,,,,,,,,,,,,,3.68,23.151,4928.414,652.275,,,,,,,,,,,,,,,,,,,,,,,,,,,,,,,,,,,,0.322,4.594,10802.331,1429.688,,,,,,,,,,,,,,,,,,,,,,,,,,,,,,,,,,,,,,,
21044,United States,1935,USA,133279810.0,1237782364160.0,,,,,,,,,,,,,,,,2.008,56.73,21625.883,2882.293,,,,,,,,,,,,,,,,,,,,,,,3.549,23.151,5067.727,675.426,,,,,,,,,,,,,,,,,,,,,,,,,,,,,,,,,,,,9.553,136.583,11751.744,1566.27,,,,,,,,,,,,,,,,,,,,,,,,,,,,,,,,,,,,,,,
21045,United States,1936,USA,134216250.0,1359902408704.0,,,,,,,,,,,,,,,,16.288,469.457,24972.758,3351.75,,,,,,,,,,,,,,,,,,,,,,,3.428,23.151,5204.856,698.576,,,,,,,,,,,,,,,,,,,,,,,,,,,,,,,,,,,,10.344,162.017,12876.889,1728.288,,,,,,,,,,,,,,,,,,,,,,,,,,,,,,,,,,,,,,,
21046,United States,1937,USA,135159270.0,1462308700160.0,,,,,,,,,,,,,,,,0.753,25.246,24985.305,3376.996,,,,,,,,,,,,,,,,,,,,,,,3.314,23.151,5339.824,721.727,,,,,,,,,,,,,,,,,,,,,,,,,,,,,,,,,,,,16.324,282.132,14874.451,2010.42,,,,,,,,,,,,,,,,,,,,,,,,,,,,,,,,,,,,,,,
21047,United States,1938,USA,136108915.0,1373407805440.0,,,,,,,,,,,,,,,,-20.646,-697.223,19688.443,2679.773,,,,,,,,,,,,,,,,,,,,,,,8.508,61.405,5753.713,783.132,,,,,,,,,,,,,,,,,,,,,,,,,,,,,,,,,,,,-5.066,-101.855,14022.332,1908.564,,,,,,,,,,,,,,,,,,,,,,,,,,,,,,,,,,,,,,,
21048,United States,1939,USA,137254990.0,1469481091072.0,,,,,,,,,,,,,,,,13.088,350.735,22079.4,3030.508,,,,,,,,,,,,,,,,,,,,,,,7.841,61.405,6153.048,844.536,,,,,,,,,,,,,,,,,,,,,,,,,,,,,,,,,,,,4.167,79.537,14484.733,1988.102,,,,,,,,,,,,,,,,,,,,,,,,,,,,,,,,,,,,,,,
21049,United States,1940,USA,138601511.0,1592319803392.0,,,,,,,,,,,,,,,,14.751,447.039,25090.25,3477.547,,,,,,,,,,,,,,,,,,,,,,,7.271,61.405,6536.302,905.941,,,,,,,,,,,,,,,,,,,,,,,,,,,,,,,,,,,,6.977,138.711,15344.804,2126.813,,,,,,,,,,,,,,,,,,,,,,,,,,,,,,,,,,,,,,,
21050,United States,1941,USA,140152562.0,1815098687488.0,,,,,,,,,,,,,,,,11.36,395.054,27631.32,3872.6,,,,,,,,,,,,,,,,,,,,,,,6.778,61.405,6902.094,967.346,,,,,,,,,,,,,,,,,,,,,,,,,,,,,,,,,,,,3.622,77.025,15724.567,2203.838,,,,,,,,,,,,,,,,,,,,,,,,,,,,,,,,,,,,,,,
21051,United States,1942,USA,141912292.0,2013171023872.0,,,,,,,,,,,,,,,,12.704,491.974,30755.436,4364.574,,,,,,,,,,,,,,,,,,,,,,,6.348,61.405,7249.203,1028.751,,,,,,,,,,,,,,,,,,,,,,,,,,,,,,,,,,,,-1.111,-24.493,15356.99,2179.346,,,,,,,,,,,,,,,,,,,,,,,,,,,,,,,,,,,,,,,
21052,United States,1943,USA,143884915.0,2203245346816.0,,,,,,,,,,,,,,,,1.209,52.746,30700.371,4417.32,,,,,,,,,,,,,,,,,,,,,,,5.969,61.405,7576.582,1090.156,,,,,,,,,,,,,,,,,,,,,,,,,,,,,,,,,,,,8.548,186.289,16441.16,2365.635,,,,,,,,,,,,,,,,,,,,,,,,,,,,,,,,,,,,,,,
21053,United States,1944,USA,145884958.0,2361835651072.0,,,,,,,,,,,,,,,,4.98,219.991,31787.455,4637.312,,,,,,,,,,,,,,,,,,,,,,,5.633,61.405,7893.623,1151.561,,,,,,,,,,,,,,,,,,,,,,,,,,,,,,,,,,,,11.476,271.479,18076.668,2637.114,,,,,,,,,,,,,,,,,,,,,,,,,,,,,,,,,,,,,,,
21054,United States,1945,USA,147912803.0,2314667556864.0,,,,,,,,,,,,,,,,-7.418,-343.996,29025.988,4293.315,,,,,,,,,,,,,,,,,,,,,,,5.332,61.405,8200.545,1212.966,,,,,,,,,,,,,,,,,,,,,,,,,,,,,,,,,,,,2.131,56.185,18208.691,2693.299,,,,,,,,,,,,,,,,,,,,,,,,,,,,,,,,,,,,,,,
21055,United States,1946,USA,149968835.0,2103900897280.0,,,,,,,,,,,,,,,,-5.602,-240.508,27024.334,4052.808,,,,,,,,,,,,,,,,,,,,,,,5.062,61.405,8497.568,1274.37,,,,,,,,,,,,,,,,,,,,,,,,,,,,,,,,,,,,1.184,31.878,18171.619,2725.177,,,,,,,,,,,,,,,,,,,,,,,,,,,,,,,,,,,,,,,
21056,United States,1947,USA,152053446.0,2070709141504.0,,,,,,,,,,,,,,,,15.67,635.057,30830.375,4687.865,,,,,,,,,,,,,,,,,,,,,,,10.33,131.643,9246.835,1406.013,,,,,,,,,,,,,,,,,,,,,,,,,,,,,,,,,,,,7.097,193.395,19194.381,2918.572,,,,,,,,,,,,,,,,,,,,,,,,,,,,,,,,,,,,,,,
21057,United States,1948,USA,154167035.0,2168923226112.0,,,,,,,,,,,,,,,,-4.474,-209.717,29047.373,4478.147,,,,,,,,,,,,,,,,,,,,,,,12.353,173.678,10246.619,1579.691,,,,,,,,,,,,,,,,,,,,,,,,,,,,,,,,,,,,8.789,256.5,20595.008,3175.071,,,,,,,,,,,,,,,,,,,,,,,,,,,,,,,,,,,,,,,
21058,United States,1949,USA,156416114.0,2126235566080.0,,,,,,,,,,,,,,,,-26.673,-1194.436,20993.434,3283.711,,,,,,,,,,,,,,,,,,,,,,,5.284,83.474,10632.953,1663.165,,,,,,,,,,,,,,,,,,,,,,,,,,,,,,,,,,,,-8.823,-280.143,18507.863,2894.928,,,,,,,,,,,,,,,,,,,,,,,,,,,,,,,,,,,,,,,
21059,United States,1950,USA,158804384.0,2320610099200.0,,,,,,,,,,,,,,,,16.554,543.582,24100.678,3827.293,,,,,,,,,,,,,,,,,,,,,,,15.904,264.51,12138.677,1927.675,,,,,,,,,,,,,,,,,,,,,,,,,,,,,,,,,,,,7.147,206.886,19532.295,3101.814,,,,,,,,,,,,,,,,,,,,,,,,,,,,,,,,,,,,,,,
21060,United States,1951,USA,160872272.0,2497407877120.0,,,,,,,,,,,,,,,,2.915,111.561,24484.357,3938.854,,,,,,,,,,,,,,,,,,,,,,,18.704,360.555,14223.892,2288.23,,,,,,,,,,,,,,,,,,,,,,,,,,,,,,,,,,,,13.89,430.845,21959.402,3532.659,,,,,,,,,,,,,,,,,,,,,,,,,,,,,,,,,,,,,,,
21061,United States,1952,USA,163266032.0,2590801657856.0,,,,,,,,,,,,,,,,-11.954,-470.848,21241.445,3468.006,,,,,,,,,,,,,,,,,,,,,,,7.456,170.611,15060.332,2458.841,,,,,,,,,,,,,,,,,,,,,,,,,,,,,,,,,,,,1.874,66.21,22042.973,3598.869,,,,,,,,,,,,,,,,,,,,,,,,,,,,,,,,,,,,,,,
21062,United States,1953,USA,165910000.0,2709832597504.0,,,,,,,,,,,,,,,,-3.77,-130.74,20114.918,3337.266,,,,,,,,,,,,,,,,,,,,,,,4.792,117.837,15530.574,2576.677,,,,,,,,,,,,,,,,,,,,,,,,,,,,,,,,,,,,2.937,105.693,22328.744,3704.562,,,,,,,,,,,,,,,,,,,,,,,,,,,,,,,,,,,,,,,
21063,United States,1954,USA,168736384.0,2691885432832.0,,,,,,,,,,,,,,,,-13.814,-460.998,17045.928,2876.268,,,,,,,,,,,,,,,,,,,,,,,4.12,106.166,15899.615,2682.844,,,,,,,,,,,,,,,,,,,,,,,,,,,,,,,,,,,,-1.786,-66.163,21562.623,3638.399,,,,,,,,,,,,,,,,,,,,,,,,,,,,,,,,,,,,,,,
21064,United States,1955,USA,171685344.0,2882221375488.0,,,,,,,,,,,,,,,,16.607,477.672,19535.393,3353.94,,,,,,,,,,,,,,,,,,,,,,,7.572,203.143,16809.74,2885.986,,,,,,,,,,,,,,,,,,,,,,,,,,,,,,,,,,,,7.319,266.304,22743.365,3904.703,,,,,,,,,,,,,,,,,,,,,,,,,,,,,,,,,,,,,,,
21065,United States,1956,USA,174704992.0,2938405388288.0,,,,,,,,,,,,,,,,7.809,261.909,20696.885,3615.849,,,,,,,,,,,,,,,,,,,,,,,7.198,207.737,17708.27,3093.723,,,,,,,,,,,,,,,,,,,,,,,,,,,,,,,,,,,,5.348,208.805,23545.451,4113.508,,,,,,,,,,,,,,,,,,,,,,,,,,,,,,,,,,,,,,,
21066,United States,1957,USA,177751488.0,2993553408000.0,,,,,,,,,,,,,,,,-2.259,-81.685,19882.615,3534.164,,,,,,,,,,,,,,,,,,,,,,,5.932,183.507,18437.145,3277.23,,,,,,,,,,,,,,,,,,,,,,,,,,,,,,,,,,,,-0.015,-0.605,23138.5,4112.903,,,,,,,,,,,,,,,,,,,,,,,,,,,,,,,,,,,,,,,
21067,United States,1958,USA,180788384.0,2963550502912.0,,,,,,,,,,,,,,,,-16.627,-587.631,16298.244,2946.533,,,,,,,,,,,,,,,,,,,,,,,3.277,107.401,18721.508,3384.631,,,,,,,,,,,,,,,,,,,,,,,,,,,,,,,,,,,,-6.416,-263.896,21290.121,3849.007,,,,,,,,,,,,,,,,,,,,,,,,,,,,,,,,,,,,,,,
21068,United States,1959,USA,183786256.0,3183156920320.0,,,,,,,,,,,,,,,,0.296,8.736,16079.924,2955.269,,,,,,,,,,,,,,,,,,,,,,,9.211,311.768,20112.49,3696.399,,,,,,,,,,,,,,,,,,,,,,,,,,,,,,,,,,,,5.129,197.408,22016.959,4046.414,,,,,,,,,,,,,,,,,,,,,,,,,,,,,,,,,,,,,,,
21069,United States,1960,USA,186720560.0,3262376312832.0,,,,,,,,,,,,,,,,0.41,12.107,15892.07,2967.376,,,,,,,,,,,,,,,,,,,,,,,6.018,222.464,20987.852,3918.863,,,,,,,,,,,,,,,,,,,,,,,,,,,,,,,,,,,,0.013,0.535,21673.828,4046.949,,,,,,,,,,,,,,,,,,,,,,,,,,,,,,,,,,,,,,,
21070,United States,1961,USA,189569840.0,3338583932928.0,,,,,,,,,,,,,,,,-3.108,-92.235,15166.661,2875.142,,,,,,,,,,,,,,,,,,,,,,,3.218,126.127,21337.73,4044.99,,,,,,,,,,,,,,,,,,,,,,,,,,,,,,,,,,,,1.819,73.595,21736.285,4120.544,,,,,,,,,,,,,,,,,,,,,,,,,,,,,,,,,,,,,,,
21071,United States,1962,USA,192313744.0,3539745112064.0,,,,,,,,,,,,,,,,4.429,127.329,15612.356,3002.471,,,,,,,,,,,,,,,,,,,,,,,4.696,189.943,22020.961,4234.934,,,,,,,,,,,,,,,,,,,,,,,,,,,,,,,,,,,,2.076,85.55,21871.002,4206.094,,,,,,,,,,,,,,,,,,,,,,,,,,,,,,,,,,,,,,,
21072,United States,1963,USA,194932400.0,3692868403200.0,,,,,,,,,,,,,,,,8.506,255.378,16712.711,3257.849,,,,,,,,,,,,,,,,,,,,,,,6.275,265.735,23088.355,4500.668,,,,,,,,,,,,,,,,,,,,,,,,,,,,,,,,,,,,2.86,120.277,22194.215,4326.372,,,,,,,,,,,,,,,,,,,,,,,,,,,,,,,,,,,,,,,
21073,United States,1964,USA,197408496.0,3906859958272.0,,,,,,,,,,,,,,,,5.677,184.937,17439.908,3442.786,,,,,,,,,,,,,,,,,,,,,,,5.661,254.79,24089.43,4755.458,,,,,,,,,,,,,,,,,,,,,,,,,,,,,,,,,,,,1.239,53.591,22187.307,4379.963,,,,,,,,,,,,,,,,,,,,,,,,,,,,,,,,,,,,,,,
21074,United States,1965,USA,199733664.0,4156141076480.0,,,,,,,,,,,,16142.718,3224.244,,,4.508,155.198,18013.91,3597.984,,22.329,,,,,72294.781,3.474,,,,,69081.625,13797.927,,95.555,,,4159.206,,,20823.762,3.502,166.525,24642.732,4921.983,,28.804,,,,588.364,996.197,198.974,2945.744,,4.075,,,641.774,1082.219,216.155,3213.148,,4.445,,,,,10.922,19.271,3.849,54.683,,0.076,,,6414.477,,,32115.152,13.565,594.124,24903.596,4974.086,,44.423,42.488,13.332,,,,66.75,,212.721,,,0.294,,14439.701,,,630.852,1062.947,212.306,3158.465,,4.369,,,0.0,0.0,0.0,0.0,,0.0,,,0.0,0.0,0.0,0.0,,0.0
21075,United States,1966,USA,201895760.0,4428300025856.0,,,,,,,,,,4.857,156.602,16745.504,3380.846,,,3.925,141.216,18520.447,3739.2,,22.173,,,5.593,807.662,75520.969,3.443,5.776,796.921,,,72289.023,14594.848,,95.72,7.779,323.55,4482.756,,,22203.318,7.276,358.105,26152.549,5280.089,,29.4,,0.484,2.847,591.211,990.298,199.937,2928.3,,3.877,1.69,10.742,652.516,1088.727,219.809,3231.945,,4.28,,,50.953,5.565,16.487,28.779,5.81,81.662,,0.108,4.938,316.768,6731.245,,,33340.199,6.277,312.201,26183.25,5286.287,,44.147,44.818,14.062,,5.474,2.33,69.65,,221.983,,,0.294,,15247.363,0.797,5.177,636.029,1059.948,213.999,3150.283,,4.171,,0.0,0.0,0.0,0.0,0.0,,0.0,,0.0,0.0,0.0,0.0,0.0,,0.0
21076,United States,1967,USA,203905072.0,4538979319808.0,,,,,,,,,,-1.889,-63.85,16267.356,3316.997,,,3.401,127.182,18961.678,3866.382,,21.022,,,3.484,531.176,77381.789,3.476,3.043,444.132,,,73754.805,15038.979,,95.313,5.587,250.433,4733.188,,,23212.705,5.602,295.806,27345.543,5575.895,,29.998,,13.646,80.678,671.89,1114.346,227.221,3295.109,,4.258,13.44,87.044,739.56,1222.885,249.353,3626.983,,4.687,,,38.684,6.378,22.865,39.519,8.058,112.136,,0.145,3.826,257.549,6988.794,,,34274.742,6.53,345.21,27618.232,5631.498,,44.293,44.806,14.074,,0.082,-0.012,69.02,,219.739,,,0.284,,15778.539,12.755,80.667,716.695,1183.366,241.294,3514.848,,4.542,,0.0,0.0,0.0,0.0,0.0,,0.0,,0.0,0.0,0.0,0.0,0.0,,0.0
21077,United States,1968,USA,205805744.0,4754925682688.0,,,,,,,,,,3.5,116.08,16681.15,3433.076,,,-1.369,-52.944,18529.309,3813.438,,20.534,,,5.963,940.846,81238.672,3.516,6.11,918.872,,,77538.414,15957.852,,95.445,7.049,333.626,5066.815,,,24619.404,6.334,353.196,28809.164,5929.091,,30.305,,0.411,2.761,674.651,1108.593,228.155,3278.096,,4.035,3.022,21.972,761.533,1248.209,256.889,3700.25,,4.555,,,63.659,14.556,37.421,64.079,13.188,181.825,,0.224,6.713,469.167,7457.961,,,36237.867,3.853,217.0,28417.564,5848.498,,44.607,49.461,15.546,,10.463,4.655,75.537,,240.33,,,0.296,,16719.385,0.997,7.417,724.112,1184.13,243.701,3518.426,,4.331,,0.0,0.0,0.0,0.0,0.0,,0.0,,0.0,0.0,0.0,0.0,0.0,,0.0
21078,United States,1969,USA,207659280.0,4903769997312.0,,,,,,,,,,0.412,14.161,16600.451,3447.238,,,2.578,98.319,18837.381,3911.757,,19.605,,,5.168,864.039,84674.398,3.586,4.859,775.33,,,80579.984,16733.182,,95.165,7.644,387.292,5454.107,,,26264.691,7.121,422.236,30585.33,6351.328,,31.018,,12.217,82.423,757.074,1232.926,256.029,3645.749,,4.306,11.689,88.708,850.241,1381.669,286.916,4094.403,,4.835,,,11.17,4.18,41.6,70.601,14.661,200.33,,0.237,5.013,373.877,7831.838,,,37714.848,1.685,98.522,28638.357,5947.021,,44.541,51.567,16.227,,4.381,2.105,78.143,,248.324,,,0.293,,17583.424,11.717,84.528,808.64,1311.069,272.256,3894.072,,4.599,,0.0,0.0,0.0,0.0,0.0,,0.0,,0.0,0.0,0.0,0.0,0.0,,0.0
21079,United States,1970,USA,209513344.0,4912635707392.0,,,,,,,,,,-0.945,-32.578,16298.052,3414.659,,,7.415,290.06,20055.127,4201.817,,18.756,,,3.54,622.416,86895.852,3.706,3.623,606.326,,,82760.875,17339.508,,95.241,5.401,294.551,5748.658,,,27438.148,-10.025,-636.705,27275.699,5714.623,,31.576,,-0.991,-7.499,749.574,1209.91,253.492,3577.692,,4.117,2.009,16.089,866.33,1396.953,292.68,4134.963,,4.759,,,56.553,23.526,65.127,109.549,22.952,310.848,,0.358,4.397,344.354,8176.191,,,39024.68,4.329,257.466,29613.803,6204.487,,44.91,51.629,16.236,,0.054,0.062,77.493,,246.423,,,0.284,,18205.84,-0.928,-7.437,801.203,1287.404,269.728,3824.115,,4.401,,0.0,0.0,0.0,0.0,0.0,,0.0,,0.0,0.0,0.0,0.0,0.0,,0.0
21080,United States,1971,USA,211384080.0,5065682190336.0,,,,,,,,,,-5.431,-185.459,15276.461,3229.201,,,-9.306,-391.035,18027.764,3810.782,,17.372,,,2.105,383.168,87939.484,3.67,1.603,277.902,,,83343.125,17617.41,,94.773,3.094,177.868,5926.526,,,28036.768,2.835,161.983,27800.607,5876.606,,31.882,,7.401,55.478,805.052,1287.959,272.254,3808.48,,4.331,12.392,105.268,971.598,1556.165,328.948,4596.363,,5.227,,,74.756,48.686,113.813,189.75,40.11,538.417,,0.612,3.492,285.492,8461.684,,,40029.898,-1.425,-88.411,28933.473,6116.076,,45.52,52.733,16.584,,2.147,1.104,78.456,,249.465,,,0.284,,18589.008,7.085,56.582,857.785,1366.415,288.838,4057.946,,4.614,,0.0,0.0,0.0,0.0,0.0,,0.0,,0.0,0.0,0.0,0.0,0.0,,0.0
21081,United States,1972,USA,213269808.0,5334296952832.0,,,,,,,,,,4.126,133.224,15766.062,3362.425,,,7.509,286.166,19210.162,4096.948,,17.231,,,4.976,925.074,91499.508,3.658,4.836,851.891,,,86600.633,18469.301,,94.646,1.02,60.438,5986.964,,,28072.254,-0.324,-19.056,27465.445,5857.55,,30.68,,2.374,19.108,824.16,1306.87,278.716,3864.401,,4.223,7.715,73.181,1044.779,1661.402,354.327,4898.86,,5.354,,,41.955,47.75,161.563,266.977,56.938,757.55,,0.828,7.779,658.229,9119.912,,,42762.32,0.38,23.26,28786.709,6139.336,,46.735,59.056,18.673,,12.594,6.323,87.556,,276.909,,,0.303,,19514.082,2.96,25.431,883.217,1394.426,297.389,4141.311,,4.526,,0.0,0.0,0.0,0.0,0.0,,0.0,,0.0,0.0,0.0,0.0,0.0,,0.0
21082,United States,1973,USA,215178800.0,5637203296256.0,,,,,,,,,,7.407,249.065,16783.67,3611.49,,,-0.525,-21.522,18939.717,4075.426,,17.756,,,4.231,825.713,94525.086,3.608,3.982,735.402,,,89249.977,19204.703,,94.419,-0.819,-49.005,5937.959,,,27595.465,-0.091,-5.327,27197.025,5852.223,,29.194,,-0.181,-1.488,822.672,1292.937,278.213,3823.202,,4.045,8.96,90.312,1135.091,1794.208,386.076,5275.104,,5.581,,,54.331,87.779,249.341,408.373,87.873,1158.763,,1.226,5.87,535.343,9655.255,,,44870.848,-2.507,-153.93,27815.967,5985.406,,47.47,63.077,19.99,,7.051,4.021,92.898,,293.139,,,0.31,,20339.795,0.274,2.533,885.749,1385.835,298.202,4116.341,,4.355,,0.0,0.0,0.0,0.0,0.0,,0.0,,0.0,0.0,0.0,0.0,0.0,,0.0
21083,United States,1974,USA,217114896.0,5621366128640.0,,,,,,,,,,-2.379,-85.923,16238.254,3525.567,,,1.884,76.797,19124.539,4152.222,,17.768,,,-2.444,-497.188,91392.195,3.53,-3.517,-675.383,,,85343.383,18529.32,,93.381,-3.464,-205.712,5732.247,,,26401.906,-4.404,-257.751,25767.332,5594.472,,28.889,,10.45,85.965,908.637,1415.309,307.285,4185.053,,4.579,15.952,178.195,1313.286,2061.873,447.663,6048.804,,6.619,,,36.531,91.088,340.429,552.585,119.974,1567.969,,1.716,-3.974,-383.748,9271.507,,,42703.227,-4.517,-270.351,26322.723,5715.055,,46.725,64.219,20.404,,2.074,1.142,93.979,,295.783,,,0.324,,19842.607,9.888,87.107,972.856,1509.288,327.689,4480.836,,4.903,,0.0,0.0,0.0,0.0,0.0,,0.0,,0.0,0.0,0.0,0.0,0.0,,0.0
21084,United States,1975,USA,219081248.0,5605795299328.0,,,,,,,,,,-0.001,-0.026,16092.392,3525.541,,,7.38,306.451,20351.686,4458.673,,18.249,,,-2.636,-523.125,88184.102,3.446,-3.737,-692.41,,,81416.875,17836.91,,92.326,-8.212,-470.715,5261.532,,,24016.352,-7.401,-414.057,23646.088,5180.415,,27.234,,-0.348,-3.163,905.474,1397.723,306.215,4133.051,,4.687,13.378,169.284,1482.57,2316.736,507.553,6767.215,,7.674,,,51.352,174.819,515.248,828.844,181.584,2351.859,,2.667,-2.391,-221.669,9049.838,,,41308.137,-4.403,-251.625,24937.916,5463.43,,46.843,61.848,19.754,,-3.185,-2.371,90.169,,282.305,,,0.32,,19319.482,-0.525,-5.535,967.322,1487.891,325.969,4415.356,,5.007,,0.0,0.0,0.0,0.0,0.0,,0.0,,0.0,0.0,0.0,0.0,0.0,,0.0
21085,United States,1976,USA,221086416.0,5899591090176.0,,,,,,,,,,7.275,256.501,17106.623,3782.042,,,4.72,210.455,21119.018,4669.128,,18.561,,,5.471,1057.027,92165.359,3.454,5.837,1041.117,,,85387.547,18878.027,,92.646,1.993,104.857,5366.39,,,24272.814,-0.815,-42.208,23240.713,5138.206,,26.336,,-5.353,-48.472,857.002,1310.901,289.822,3876.321,,4.206,1.181,15.912,1498.482,2322.842,513.549,6777.811,,7.354,,,10.781,55.551,570.799,909.878,201.162,2581.792,,2.801,7.511,679.757,9729.595,,,44008.105,-2.51,-137.124,24091.51,5326.306,,47.749,70.681,22.565,,14.227,8.833,102.063,,319.699,,,0.347,,20376.51,-4.167,-39.639,927.683,1412.964,312.387,4196.02,,4.553,,0.0,0.0,0.0,0.0,0.0,,0.0,,0.0,0.0,0.0,0.0,0.0,,0.0
21086,United States,1977,USA,223135664.0,6166912434176.0,,,,,,,,,,2.488,94.115,17371.303,3876.157,,,1.886,88.061,21319.717,4757.189,,18.55,,,2.548,519.137,93645.484,3.388,2.79,526.613,,,86963.422,19404.641,,92.865,-2.039,-109.438,5256.951,,,23559.439,0.436,22.42,23127.752,5160.626,,25.158,,-22.07,-189.144,667.857,1012.197,225.857,2993.055,,3.196,-0.013,-7.477,1491.005,2301.206,513.481,6682.055,,7.135,,,31.281,178.554,749.353,1183.53,264.088,3358.283,,3.586,5.57,541.938,10271.533,,,46032.684,1.053,56.102,24121.684,5382.408,,49.156,73.795,23.536,,4.305,3.114,105.479,,330.716,,,0.353,,20895.646,-20.165,-186.031,741.652,1117.676,249.393,3323.772,,3.549,,0.0,0.0,0.0,0.0,0.0,,0.0,,0.0,0.0,0.0,0.0,0.0,,0.0
21087,United States,1978,USA,225223312.0,6518624223232.0,,,,,,,,,,-1.124,-43.58,17016.787,3832.577,,,-5.176,-246.218,20028.883,4510.971,,17.943,,,2.219,463.645,94836.055,3.277,1.055,204.734,,,87066.367,19609.375,,91.807,0.351,18.433,5275.384,,,23422.904,-0.409,-21.128,22819.566,5139.499,,24.698,,26.774,178.813,846.67,1271.309,286.329,3759.248,,3.964,17.231,258.91,1749.915,2672.716,601.958,7769.688,,8.193,,,10.172,76.224,825.577,1291.832,290.951,3665.591,,3.865,2.238,229.881,10501.414,,,46626.676,4.624,248.904,25003.238,5631.312,,49.166,77.668,24.679,,4.855,3.873,109.575,,344.849,,,0.364,,21359.291,24.706,182.686,924.338,1380.884,311.007,4104.097,,4.328,,0.0,0.0,0.0,0.0,0.0,,0.0,,0.0,0.0,0.0,0.0,0.0,,0.0
21088,United States,1979,USA,227339328.0,6740172079104.0,,,,,,,,,,9.255,354.707,18418.652,4187.284,,,18.283,824.749,23470.289,5335.72,,19.4,,,1.054,225.109,94943.539,3.202,1.462,286.641,,,87516.82,19896.016,,92.178,3.327,175.513,5450.897,,,23976.922,3.034,155.918,23293.01,5295.417,,25.254,,-0.137,-1.163,845.508,1257.747,285.935,3719.144,,3.917,-3.602,-61.53,1688.385,2552.463,580.275,7426.716,,7.822,,,-7.687,-63.466,762.111,1181.422,268.584,3352.304,,3.531,-2.32,-243.581,10257.833,,,45121.242,-1.49,-83.903,24401.449,5547.409,,47.524,80.767,25.756,,4.365,3.099,113.293,,355.269,,,0.374,,21584.4,0.22,1.936,926.274,1371.04,311.691,4074.413,,4.291,,0.0,0.0,0.0,0.0,0.0,,0.0,,0.0,0.0,0.0,0.0,0.0,,0.0
21089,United States,1980,USA,229476352.0,6743208230912.0,,,,,,,,,,2.548,106.696,18712.08,4293.98,,,2.241,119.569,23772.771,5455.289,,20.692,,,-3.857,-832.441,90431.797,3.077,-4.077,-811.18,,,83166.898,19084.836,,91.966,-2.082,-113.513,5337.385,,,23258.975,-0.841,-44.509,22882.131,5250.908,,25.72,,-1.376,-11.63,833.877,1228.894,282.002,3633.826,,4.018,-1.255,-21.263,1667.121,2496.948,572.99,7264.894,,8.034,,,-1.583,-12.064,750.047,1151.893,264.332,3268.513,,3.614,-7.841,-804.361,9453.472,,,41195.844,0.671,37.24,24336.492,5584.649,,45.555,83.198,26.656,,3.495,2.431,116.161,,362.555,,,0.401,,20751.959,-0.973,-9.199,917.075,1345.055,308.658,3996.381,,4.419,,0.0,0.0,0.0,0.0,0.0,,0.0,,0.0,0.0,0.0,0.0,0.0,,0.0
21090,United States,1981,USA,231636064.0,6911865389056.0,,,,,,,,,,3.143,134.954,19120.227,4428.934,,,-6.212,-338.874,22088.164,5116.416,,21.993,,,-2.958,-613.865,86938.508,2.914,-3.325,-634.518,,,79652.188,18450.318,,91.619,-2.412,-128.756,5208.629,,,22486.26,-1.047,-54.98,22431.426,5195.927,,25.865,,-5.494,-45.811,788.067,1150.554,266.51,3402.176,,3.913,1.383,20.654,1687.775,2507.865,580.912,7286.324,,8.381,,,8.585,64.391,814.437,1239.119,287.025,3516.02,,4.044,-6.778,-640.717,8812.755,,,38045.695,-0.291,-16.244,24039.459,5568.406,,43.762,85.272,27.378,,2.707,2.074,118.192,,368.129,,,0.423,,20138.094,-4.786,-43.736,873.338,1268.746,293.887,3770.304,,4.337,,0.0,0.0,0.0,0.0,0.0,,0.0,,0.0,0.0,0.0,0.0,0.0,,0.0
21091,United States,1982,USA,233821840.0,6782206869504.0,,,,,,,,,,-3.683,-163.138,18243.789,4265.796,,,1.426,72.945,22193.652,5189.361,,22.082,,,-4.072,-819.953,82619.062,2.848,-5.378,-992.281,,,74663.844,17458.037,,90.371,-7.044,-366.919,4841.709,,,20706.832,-7.006,-364.029,20664.873,4831.898,,25.063,,18.393,144.95,933.017,1349.443,315.529,3990.289,,4.83,10.101,172.327,1860.102,2735.375,639.59,7955.212,,9.629,,,3.704,30.167,844.604,1273.004,297.656,3612.167,,4.372,-5.245,-462.224,8350.531,,,35713.223,0.402,22.406,23910.562,5590.812,,43.226,82.482,26.405,,-3.552,-2.79,112.928,,352.757,,,0.427,,19318.141,16.349,142.16,1015.499,1462.371,341.934,4343.045,,5.257,,0.0,0.0,0.0,0.0,0.0,,0.0,,0.0,0.0,0.0,0.0,0.0,,0.0
21092,United States,1983,USA,236030240.0,7066236747776.0,,,,,,,,,,3.739,159.495,18748.83,4425.291,,,-7.469,-387.585,20343.898,4801.775,,22.988,,,-0.35,-67.609,81559.594,2.724,-1.026,-179.035,,,73206.727,17279.002,,89.759,-6.185,-299.474,4542.236,,,19244.297,-9.42,-455.16,18543.125,4376.738,,23.595,,7.336,68.449,1001.466,1434.891,338.678,4242.957,,5.202,5.946,111.427,1971.529,2870.911,677.622,8352.866,,10.241,,,3.856,32.568,877.172,1309.721,309.134,3716.354,,4.557,-0.468,-39.056,8311.476,,,35213.605,0.466,26.044,23797.186,5616.855,,43.175,92.874,29.805,,12.875,10.392,126.274,,393.484,,,0.482,,19250.531,7.766,78.858,1094.357,1561.189,368.488,4636.512,,5.685,,0.009,0.009,0.013,0.003,0.038,,0.0,,0.008,0.008,0.011,0.003,0.034,,0.0
21093,United States,1984,USA,238256848.0,7581108011008.0,,,,,,,,,,7.4,327.469,19948.051,4752.76,,,14.336,688.4,23043.096,5490.175,,23.487,,,5.118,985.158,84932.25,2.669,5.201,898.646,,,76294.336,18177.648,,89.83,6.81,309.336,4851.572,,,20362.781,8.525,373.105,19935.812,4749.844,,23.975,,-3.275,-32.794,968.672,1374.933,327.587,4065.663,,4.787,4.494,86.511,2058.04,2971.885,708.072,8637.903,,10.17,,,11.563,101.423,978.595,1447.503,344.877,4107.31,,4.836,3.15,261.842,8573.317,,,35983.508,2.728,153.213,24217.85,5770.068,,42.367,110.738,35.595,,19.429,17.863,149.399,,464.782,,,0.547,,20235.689,-1.437,-14.912,1079.445,1524.382,363.194,4530.592,,5.334,76.7,0.007,0.016,0.022,0.005,0.066,,0.0,143.253,0.011,0.019,0.028,0.007,0.081,,0.0
21094,United States,1985,USA,240499824.0,7874871820288.0,,,,,,,,,,2.389,113.541,20234.113,4866.301,6268.881,1507.665,-1.998,-109.71,22372.012,5380.465,56.74,24.109,,2657.15,-0.254,-51.445,83926.234,2.563,-0.558,-101.369,8022.166,1929.329,75161.297,18076.279,72.609,89.556,-3.752,-182.032,4669.541,1305.283,313.92,19415.982,-5.706,-271.031,18622.936,4478.812,11.814,23.135,,-12.334,-119.477,849.195,1194.106,287.182,3530.959,10.808,4.207,2.741,49.926,2107.966,3024.854,727.477,8764.937,27.378,10.444,,,17.11,167.435,1146.03,1679.357,403.885,4765.2,15.2,5.678,-0.384,-32.88,8540.438,448.002,107.744,35511.199,0.518,29.873,24116.195,5799.941,4.055,42.312,112.692,36.393,,2.241,1.954,151.322,,468.574,1.37,,0.558,11048.449,20184.244,-10.904,-117.509,961.936,1345.497,323.592,3999.737,12.178,4.766,102.553,0.016,0.032,0.045,0.011,0.132,0.0,0.0,-11.217,-0.002,0.017,0.024,0.006,0.072,0.0,0.0
21095,United States,1986,USA,242763136.0,8146027806720.0,,,,,,,,,,-1.247,-60.702,19795.424,4805.599,6138.252,1490.141,0.954,51.312,22374.801,5431.777,55.683,23.589,,2676.113,0.93,187.723,83917.055,2.501,0.338,61.111,7843.943,1904.22,74712.297,18137.391,71.156,89.031,-6.282,-293.336,4376.204,1100.716,267.213,18026.643,-2.589,-115.945,17971.703,4362.867,9.985,21.481,,3.41,28.957,878.152,1223.312,296.975,3617.319,11.097,4.311,6.055,126.609,2234.574,3178.096,771.525,9204.751,28.83,10.969,,,7.909,90.643,1236.673,1795.287,435.83,5094.154,16.286,6.07,4.861,415.151,8955.589,604.974,146.865,36890.234,-3.284,-190.449,23106.852,5609.492,5.488,43.96,119.695,38.702,,6.344,7.003,159.422,,493.053,1.446,,0.588,11023.556,20371.967,3.74,35.965,997.901,1382.809,335.695,4110.596,12.544,4.898,32.004,0.01,0.042,0.058,0.014,0.173,0.001,0.0,-27.3,-0.005,0.013,0.017,0.004,0.051,0.0,0.0
21096,United States,1987,USA,245052784.0,8432566927360.0,,,,,,,,,,4.334,208.269,20460.357,5013.868,6422.936,1573.958,3.238,175.859,22883.381,5607.636,56.776,23.812,,2772.205,3.358,684.086,85924.562,2.497,3.702,671.373,8139.105,1994.51,76753.93,18808.764,71.947,89.327,6.319,276.54,4652.744,1196.235,293.141,18986.699,3.597,156.944,18444.236,4519.812,10.574,22.097,,-13.996,-122.907,755.245,1042.266,255.41,3081.969,9.213,3.587,0.751,12.715,2247.289,3172.059,777.322,9170.632,28.04,10.673,,,9.959,123.155,1359.828,1955.628,479.232,5549.123,17.287,6.458,2.083,186.563,9142.152,519.934,127.411,37306.871,-3.124,-175.254,22175.783,5434.237,4.596,43.418,132.174,42.665,,10.242,12.479,174.107,,539.368,1.539,,0.628,11312.687,21056.053,-11.202,-110.44,887.461,1216.431,298.09,3621.509,10.753,4.215,-25.192,-0.011,0.031,0.043,0.011,0.128,0.0,0.0,-15.469,-0.002,0.011,0.015,0.004,0.043,0.0,0.0
21097,United States,1988,USA,247372272.0,8787203194880.0,,,,,,,,,,4.653,233.276,21211.527,5247.144,6696.854,1656.616,2.962,166.086,23340.215,5773.722,56.842,23.835,,2914.446,4.554,958.834,88994.969,2.505,4.388,825.285,8442.949,2088.552,79370.453,19634.049,71.662,89.185,4.584,213.278,4866.021,1098.865,271.829,19670.844,2.701,122.064,18764.736,4641.875,9.327,22.103,,-10.581,-79.914,675.331,923.243,228.385,2730.019,7.836,3.068,6.198,133.55,2380.839,3337.065,825.497,9624.519,28.324,10.815,,,15.749,214.166,1573.994,2242.404,554.708,6362.854,19.033,7.15,4.143,378.731,9520.884,647.231,160.107,38488.078,-1.755,-95.347,21582.414,5338.891,5.494,43.247,131.485,42.394,,-0.636,-0.689,171.378,,531.526,1.455,,0.597,11781.618,22014.887,-9.159,-80.615,806.846,1094.661,270.789,3261.665,9.291,3.665,-13.366,-0.004,0.027,0.037,0.009,0.11,0.0,0.0,-75.402,-0.008,0.003,0.004,0.001,0.011,0.0,0.0
21098,United States,1989,USA,249725808.0,9091291283456.0,,,,,,,,,,1.186,62.212,21260.74,5309.355,6853.287,1711.443,3.002,173.326,23814.311,5947.048,54.238,23.547,,3155.45,2.422,533.246,90291.562,2.48,1.849,363.057,9079.33,2267.343,80076.25,19997.105,71.855,88.686,6.251,304.199,5170.22,1518.349,379.171,20703.588,1.413,65.592,18850.545,4707.468,12.016,22.93,,20.29,137.026,812.356,1100.103,274.724,3252.994,8.706,3.603,6.988,170.186,2551.025,3536.601,883.18,10215.303,27.989,11.314,,,0.452,7.114,1581.107,2231.309,557.216,6331.373,17.659,7.012,-0.035,-3.354,9517.53,707.695,176.73,38111.922,-6.541,-349.236,19980.533,4989.655,5.601,42.21,150.504,48.854,,15.238,19.019,195.632,,602.678,1.548,,0.667,12635.657,22548.133,20.376,163.072,969.918,1305.292,325.965,3883.93,10.33,4.302,2655.674,0.721,0.749,1.014,0.253,2.997,0.008,0.003,242384.844,6.306,6.308,8.543,2.133,25.261,0.068,0.028
21099,United States,1990,USA,252120320.0,9250378088448.0,,,66.368,16.733,,,,0.074,,0.539,28.642,21172.422,5337.998,6842.586,1725.155,5.278,313.879,24833.092,6260.927,53.364,23.613,,3232.78,0.259,58.48,89665.969,2.444,-0.908,-181.586,8971.734,2261.957,78595.484,19815.52,69.969,87.654,0.008,0.389,5170.609,1589.807,400.823,20508.498,2.683,126.312,19172.51,4833.779,12.399,22.872,,6.391,51.915,864.271,1159.291,292.281,3428.012,9.041,3.823,10.61,240.068,2791.093,3808.303,960.151,11070.48,29.7,12.346,,,8.975,141.897,1723.004,2408.464,607.223,6834.054,18.783,7.622,-2.213,-210.617,9306.913,539.341,135.979,36914.57,-2.894,-144.396,19218.041,4845.259,4.206,41.169,177.659,57.459,,17.614,27.155,227.904,,704.661,1.777,,0.786,12822.368,22606.613,13.405,98.172,1068.089,1399.839,352.928,4236.427,10.917,4.725,46.483,0.348,1.096,1.471,0.371,4.349,0.011,0.005,32.033,2.021,8.329,11.172,2.817,33.036,0.087,0.037
21100,United States,1991,USA,254539376.0,9243499429888.0,15.873,2.656,76.172,19.389,,,,0.086,,-0.944,-50.384,20773.262,5287.613,6767.267,1722.536,-3.785,-236.968,23666.121,6023.959,52.665,23.421,,3270.724,-0.134,-30.303,88694.766,2.442,-0.683,-135.426,8884.963,2261.573,77316.5,19680.094,69.146,87.171,2.192,113.363,5283.972,1611.822,410.272,20758.957,-0.532,-25.696,18889.35,4808.083,12.544,23.405,,-1.695,-14.652,849.62,1128.808,287.326,3337.872,8.785,3.763,3.956,105.121,2896.214,3913.509,996.142,11378.256,30.456,12.829,,,6.189,106.641,1829.645,2533.224,644.805,7188.062,19.714,8.104,-2.132,-198.404,9108.509,505.875,128.765,35784.281,1.507,73.03,19322.309,4918.289,3.937,40.345,187.332,60.552,,5.382,9.673,237.888,,735.966,1.851,,0.83,12849.581,22576.311,0.288,-1.52,1066.569,1380.285,351.337,4190.194,10.742,4.724,28.98,0.318,1.414,1.879,0.478,5.556,0.015,0.006,5.822,0.485,8.814,11.71,2.981,34.628,0.091,0.039
21101,United States,1992,USA,256990608.0,9572148314112.0,13.699,2.656,85.78,22.045,,,,0.096,,0.689,36.417,20716.83,5324.031,6838.776,1757.501,0.267,16.067,23502.906,6040.026,53.511,23.24,,3284.39,1.475,333.033,89144.672,2.393,2.057,404.834,8948.509,2299.683,78154.328,20084.928,70.019,87.671,3.398,179.537,5463.509,1690.679,434.489,21259.568,0.803,38.605,18859.4,4846.689,13.229,23.848,,-12.495,-106.157,743.463,978.346,251.426,2892.958,7.655,3.245,-2.223,-71.798,2824.417,3777.998,970.91,10990.35,29.561,12.329,,,1.014,18.552,1848.197,2534.503,651.343,7191.689,19.831,8.067,2.074,188.878,9297.387,419.053,107.693,36177.926,-2.333,-114.728,18691.58,4803.561,3.279,40.583,200.879,64.815,,7.041,13.546,252.209,,781.658,1.973,,0.877,12780.194,22909.344,-7.853,-90.349,976.22,1243.495,319.567,3798.661,9.73,4.261,-14.513,-0.205,1.209,1.591,0.409,4.704,0.012,0.005,-2.149,-0.189,8.625,11.349,2.917,33.56,0.089,0.038
21102,United States,1993,USA,259532128.0,9834941382656.0,16.851,3.715,99.254,25.759,,,,0.11,,3.727,198.421,21278.492,5522.452,7055.815,1831.211,-6.262,-378.224,21815.42,5661.802,53.785,23.61,,3404.678,2.098,480.68,90123.805,2.378,2.056,412.988,9242.194,2398.646,78980.266,20497.916,70.451,87.635,2.488,135.91,5599.419,1719.085,446.158,21575.051,1.137,55.11,18887.062,4901.799,13.104,23.939,,11.067,82.279,825.742,1075.978,279.251,3181.656,8.202,3.53,2.508,67.69,2892.107,3822.644,992.099,11143.541,29.139,12.365,,,-1.371,-25.344,1822.853,2475.269,642.412,7023.612,18.869,7.793,0.846,78.658,9376.045,467.293,121.278,36126.723,-3.88,-186.375,17790.42,4617.186,3.562,40.086,207.369,66.925,,3.254,6.49,257.867,,799.012,1.966,,0.887,13118.522,23390.023,9.905,93.034,1069.254,1347.375,349.687,4119.928,10.271,4.571,16.221,0.196,1.405,1.831,0.475,5.414,0.014,0.006,4.097,0.353,8.978,11.699,3.036,34.593,0.089,0.038
21103,United States,1994,USA,262241216.0,10232022433792.0,11.983,3.087,109.999,28.846,,,,0.121,,0.375,20.691,21137.576,5543.144,6986.972,1832.272,9.178,519.646,23571.613,6181.449,52.978,23.271,,3458.526,1.84,430.365,90833.883,2.328,1.932,396.055,9308.235,2441.003,79674.625,20893.971,70.579,87.715,2.351,131.662,5731.081,1887.037,494.859,21854.232,4.111,201.509,19460.361,5103.309,14.308,24.06,,-7.13,-58.872,766.87,988.942,259.341,2924.291,7.499,3.219,1.456,34.309,2926.416,3827.877,1003.827,11159.254,29.025,12.285,,,4.94,90.05,1912.903,2570.714,674.147,7294.439,19.492,8.031,2.599,243.701,9619.746,434.226,113.872,36682.816,-2.395,-110.568,17185.01,4506.618,3.293,40.385,206.018,66.355,,-0.852,-1.351,253.03,,785.605,1.919,,0.865,13188.339,23820.389,-4.507,-55.74,1013.514,1257.163,329.68,3864.815,9.532,4.255,5.621,0.079,1.484,1.914,0.502,5.659,0.015,0.006,14.681,1.318,10.296,13.278,3.482,39.262,0.101,0.043
21104,United States,1995,USA,265163744.0,10510263123968.0,7.266,2.096,116.692,30.942,,,,0.127,,0.9,49.91,21092.828,5593.053,6988.161,1853.007,-0.327,-20.193,23235.664,6161.256,51.944,22.978,,3567.331,2.185,520.527,91795.789,2.316,1.323,276.439,9302.058,2466.568,79839.008,21170.41,69.143,86.975,4.34,248.749,5979.829,2011.571,533.396,22551.459,-1.374,-70.1,18981.512,5033.208,14.952,24.567,,20.004,153.404,920.274,1173.689,311.22,3470.586,8.724,3.781,8.261,244.089,3170.505,4099.504,1087.04,11956.782,30.472,13.025,,,5.147,98.454,2011.356,2673.233,708.844,7585.337,19.87,8.263,-0.231,-22.219,9597.527,302.325,80.166,36194.719,-1.018,-45.888,16822.549,4460.73,2.247,39.43,196.96,63.265,,-4.656,-9.058,238.589,,742.787,1.773,,0.809,13453.314,24340.916,14.117,145.635,1159.149,1426.272,378.196,4371.445,10.602,4.762,2.51,0.037,1.521,1.94,0.514,5.737,0.014,0.006,-8.206,-0.845,9.451,12.054,3.196,35.643,0.09,0.039
21105,United States,1996,USA,268335008.0,10909166600192.0,-28.272,-8.748,82.711,22.194,,,,0.088,,4.546,254.248,21791.047,5847.301,7251.212,1945.754,2.985,183.923,23646.482,6345.179,53.114,23.239,,3663.386,3.371,820.482,93768.602,2.306,3.368,712.928,9400.936,2522.6,81552.305,21883.338,68.86,86.972,1.824,109.069,6088.898,1823.493,489.307,22691.404,1.373,69.112,19014.742,5102.321,13.357,24.199,,11.673,107.426,1027.7,1295.207,347.549,3829.914,9.487,4.084,2.74,107.556,3278.061,4197.828,1126.424,12216.3,30.748,13.028,,,0.197,3.962,2015.318,2646.843,710.241,7510.456,19.388,8.01,3.643,349.611,9947.139,326.23,87.539,37069.852,-0.39,-17.396,16558.906,4443.334,2.39,39.533,201.588,64.826,,2.467,4.628,241.586,,751.255,1.77,,0.801,13652.285,25161.398,7.147,103.594,1262.743,1550.985,416.184,4705.844,11.361,5.019,5.223,0.079,1.601,2.017,0.541,5.965,0.015,0.006,2.206,0.209,9.66,12.174,3.267,35.999,0.089,0.038
21106,United States,1997,USA,271713632.0,11398757220352.0,26.626,5.909,103.431,28.104,,,,0.111,,2.112,123.477,21974.523,5970.778,7354.226,1998.243,2.279,144.627,23884.729,6489.806,53.769,23.553,,3716.377,0.751,188.855,93297.688,2.224,1.337,292.525,9617.652,2613.247,81614.836,22175.863,70.317,87.478,0.598,36.417,6125.315,1897.153,515.482,22543.275,0.256,13.078,18826.436,5115.399,13.871,24.163,,2.424,24.909,1052.609,1310.104,355.973,3873.963,9.578,4.152,-2.885,-103.669,3174.392,4001.926,1087.378,11682.86,29.259,12.522,,,-6.83,-137.647,1877.671,2435.397,661.731,6910.477,17.806,7.407,1.333,132.63,10079.769,366.273,99.521,37097.027,-0.552,-24.515,16262.781,4418.819,2.678,39.762,204.613,65.82,,1.534,3.025,242.241,,753.047,1.771,,0.807,13677.553,25350.254,3.507,33.979,1296.722,1566.529,425.647,4772.383,11.453,5.115,-1.597,-0.026,1.575,1.961,0.533,5.797,0.014,0.006,1.669,0.161,9.821,12.223,3.321,36.144,0.089,0.039
21107,United States,1998,USA,275175328.0,11906028929024.0,10.499,2.951,112.853,31.054,,,,0.122,,0.981,58.561,21910.896,6029.338,7373.629,2029.041,3.156,204.797,24328.502,6694.604,52.623,23.633,,3855.808,0.64,162.244,92713.609,2.143,0.57,126.377,9952.854,2738.78,81047.383,22302.24,71.03,87.417,-1.69,-103.524,6021.791,2075.928,571.244,21883.471,1.132,57.881,18799.941,5173.28,14.815,23.603,,-9.519,-100.194,952.414,1170.487,322.089,3461.119,8.353,3.733,1.436,35.865,3210.257,3999.077,1100.447,11666.226,28.54,12.583,,,7.167,134.582,2012.252,2577.121,709.16,7312.619,18.392,7.887,1.7,171.343,10251.111,503.297,138.495,37253.016,-3.111,-137.473,15558.614,4281.347,3.592,40.181,203.947,65.617,,-0.308,-0.666,238.456,,741.154,1.702,,0.799,14012.188,25512.498,-6.922,-98.717,1198.005,1421.956,391.287,4353.606,10.148,4.696,-1.509,-0.024,1.551,1.907,0.525,5.638,0.014,0.006,-7.979,-0.784,9.037,11.107,3.056,32.842,0.079,0.035
21108,United States,1999,USA,278548160.0,12463818932224.0,3.971,1.233,115.913,32.287,,,,0.124,,-0.153,-9.244,21612.402,6020.095,7316.018,2037.863,-3.12,-208.847,23284.148,6485.757,51.774,23.185,,3936.098,1.774,452.607,93215.859,2.083,1.334,297.576,9919.598,2763.086,81134.32,22599.816,70.199,87.039,0.346,20.837,6042.628,2147.835,598.275,21693.297,-1.39,-71.9,18314.178,5101.38,15.2,23.272,,-1.703,-16.216,936.198,1136.626,316.605,3360.992,8.044,3.606,4.905,155.032,3365.289,4145.487,1154.718,12081.535,29.337,12.961,,,8.097,162.939,2175.191,2752.067,766.583,7809.032,19.476,8.377,2.79,285.98,10537.092,455.746,126.947,37828.617,-4.211,-180.307,14722.912,4101.04,3.225,40.582,206.675,66.478,,1.312,2.727,238.658,,741.971,1.689,,0.796,14130.762,25965.105,-0.454,-7.907,1190.098,1393.42,388.135,4272.503,9.861,4.583,-1.204,-0.019,1.533,1.861,0.518,5.503,0.013,0.006,48.329,4.368,13.405,16.275,4.533,48.125,0.115,0.052
21109,United States,2000,USA,281710912.0,12973842104320.0,14.606,4.716,131.352,37.003,215.576,60.73,1.499,0.139,499.727,4.426,266.441,22315.559,6286.536,7558.344,2129.268,-2.402,-155.799,22469.693,6329.958,52.545,23.682,3835.86,4052.253,2.235,580.32,94229.312,2.046,2.764,624.76,10276.982,2895.138,82441.164,23224.576,71.445,87.49,3.993,241.279,6283.907,2294.116,646.278,22306.225,1.659,84.623,18408.953,5186.003,15.949,23.672,2025.02,-13.848,-129.646,806.552,968.231,272.761,2863.05,6.731,3.038,-0.92,-44.439,3320.85,4043.45,1139.084,11788.148,28.11,12.51,33.76,0.88,3.521,76.58,2251.771,2816.971,793.572,7993.198,19.583,8.483,1.111,117.042,10654.134,424.522,119.592,37819.387,-1.431,-58.674,14349.34,4042.366,2.951,40.135,207.284,66.583,14.09,0.158,0.609,236.352,50.016,735.805,1.643,0.348,0.781,14384.438,26545.426,-9.016,-121.019,1069.079,1226.479,345.512,3794.951,8.526,4.027,0.033,0.001,1.533,1.841,0.519,5.443,0.013,0.006,24.627,3.301,16.706,20.055,5.65,59.303,0.139,0.063
21110,United States,2001,USA,284608000.0,13100471287808.0,6.239,2.309,138.126,39.312,174.802,49.75,1.249,0.152,500.85,-2.946,-185.221,21437.611,6101.315,7227.43,2056.984,3.57,225.963,23034.914,6555.921,51.625,23.546,3748.45,3984.468,-2.383,-632.645,91047.266,1.978,-2.066,-479.832,10113.91,2878.5,79916.039,22744.744,72.243,87.774,-4.413,-277.327,6006.58,2414.674,687.236,21104.746,2.564,132.947,18688.688,5318.95,17.248,23.18,1995.62,-22.922,-188.912,617.641,738.7,210.24,2170.145,5.276,2.384,-3.659,-152.814,3168.036,3842.974,1093.741,11131.225,27.45,12.226,22.03,0.588,1.981,29.692,2281.463,2843.528,809.291,8016.16,20.311,8.804,-0.162,-17.285,10636.849,471.806,134.28,37373.68,-0.884,-35.731,14077.731,4006.635,3.37,41.049,207.94,66.83,13.74,0.372,0.656,234.816,48.277,730.618,1.677,0.345,0.802,13999.845,25912.781,-15.36,-182.507,886.572,999.446,284.45,3115.065,7.139,3.421,10.769,0.154,1.687,2.018,0.574,5.929,0.014,0.007,20.454,3.287,19.993,23.911,6.805,70.247,0.171,0.077
21111,United States,2002,USA,287279328.0,13334491430912.0,19.461,7.651,163.473,46.962,186.961,53.71,1.306,0.179,492.456,-0.047,-2.861,21228.309,6098.454,7278.492,2090.96,-3.461,-226.868,22031.006,6329.053,50.853,23.19,3863.56,4111.775,1.486,385.066,91541.039,1.972,0.867,197.234,10218.843,2935.662,79859.484,22941.979,71.396,87.239,3.239,194.532,6201.112,2586.392,743.017,21585.652,-3.885,-206.662,17795.529,5112.288,18.07,23.58,2024.87,22.797,135.908,753.548,898.664,258.168,2623.052,6.279,2.865,6.712,187.833,3355.869,4045.323,1162.137,11681.553,28.264,12.761,20.98,0.543,1.462,18.413,2299.877,2858.264,821.12,8005.716,19.97,8.745,0.052,5.564,10642.413,353.96,101.685,37045.523,-0.756,-30.284,13841.411,3976.351,2.473,40.469,223.197,71.789,14.49,7.42,15.258,249.894,50.439,776.935,1.746,0.352,0.849,14312.813,26297.848,19.835,169.42,1055.992,1187.059,341.017,3675.837,8.294,4.016,4.744,0.069,1.756,2.094,0.602,6.112,0.015,0.007,53.685,10.535,30.528,36.407,10.459,106.265,0.254,0.116
21112,United States,2003,USA,289815552.0,13708808945664.0,35.669,16.751,219.841,63.713,184.048,53.34,1.289,0.242,497.378,1.903,116.083,21443.076,6214.537,7380.804,2139.072,-2.809,-177.791,21224.748,6151.262,51.694,23.558,3872.93,4137.979,0.313,82.264,91023.797,1.924,0.428,98.141,10235.096,2966.29,79499.25,23040.119,71.685,87.339,-2.89,-179.211,6021.9,2411.276,698.825,20778.389,1.296,66.271,17868.461,5178.558,16.888,22.827,2058.14,4.572,29.401,782.949,931.527,269.971,2701.543,6.524,2.968,0.972,-15.877,3339.991,3992.689,1157.143,11524.542,27.964,12.661,6.42,0.166,-2.094,-62.584,2237.292,2773.934,803.929,7719.711,19.428,8.481,1.515,161.27,10803.683,443.017,128.393,37277.789,-2.735,-108.745,13345.062,3867.606,3.103,40.954,221.493,71.332,14.42,-0.637,-1.705,246.129,49.756,764.255,1.724,0.348,0.84,14277.975,26380.111,7.461,46.707,1102.699,1218.755,353.214,3804.831,8.536,4.18,1.505,0.015,1.771,2.107,0.611,6.111,0.015,0.007,8.047,2.245,32.773,38.992,11.3,113.081,0.273,0.124
21113,United States,2004,USA,292354656.0,14227881328640.0,26.232,16.713,275.1,80.427,183.134,53.54,1.265,0.299,493.856,0.651,40.445,21395.188,6254.982,7332.209,2143.605,3.433,211.163,21762.695,6362.425,50.656,23.255,3961.12,4231.683,1.961,517.438,92003.148,1.89,1.992,459.006,10389.495,3037.417,80378.828,23499.125,71.778,87.365,0.405,24.376,6046.277,2611.72,763.548,20681.309,-2.847,-147.457,17208.896,5031.101,18.044,22.479,2089.84,-2.747,-26.358,756.591,898.069,262.555,2587.922,6.204,2.813,3.201,58.431,3398.423,4034.534,1179.515,11624.315,27.873,12.635,11.31,0.286,3.247,57.924,2295.216,2839.12,830.03,7850.794,19.615,8.533,3.649,394.184,11197.866,445.567,130.264,38302.336,-2.164,-83.705,12942.847,3783.902,3.078,41.632,223.007,71.945,14.81,0.86,1.515,246.089,50.658,762.798,1.7,0.35,0.829,14474.483,26897.549,3.114,0.507,1103.206,1195.414,349.485,3773.52,8.259,4.102,14.325,0.241,2.012,2.388,0.698,6.881,0.016,0.007,26.425,8.396,41.169,48.867,14.287,140.819,0.338,0.153
21114,United States,2005,USA,294993504.0,14703731408896.0,16.846,13.549,318.568,93.975,184.004,54.28,1.256,0.349,495.208,1.47,91.974,21515.58,6346.957,7386.119,2178.857,1.458,92.737,21882.387,6455.162,50.404,23.586,4057.81,4322.787,0.047,12.584,91222.797,1.83,0.059,13.84,10605.382,3128.519,79706.719,23512.965,72.373,87.376,-1.56,-94.347,5951.93,2773.745,818.237,20176.477,-2.717,-136.693,16591.58,4894.408,18.928,22.118,2140.68,1.475,6.302,762.893,903.165,266.428,2586.134,6.163,2.835,1.186,-1.254,3397.169,4003.168,1180.909,11516.08,27.318,12.624,24.78,0.611,-0.83,-33.448,2261.768,2790.379,823.144,7667.179,19.042,8.405,0.145,16.212,11214.078,445.517,131.425,38014.66,-5.031,-190.369,12181.734,3593.532,3.04,41.672,224.874,72.598,14.69,0.907,1.866,246.101,49.798,762.301,1.679,0.34,0.836,14653.836,26910.133,5.078,32.195,1135.401,1212.79,357.765,3848.9,8.276,4.219,7.272,0.133,2.144,2.539,0.749,7.269,0.017,0.008,25.925,10.345,51.514,60.986,17.99,174.628,0.416,0.191
21115,United States,2006,USA,297758976.0,15095884152832.0,40.143,37.725,442.304,131.7,184.243,54.86,1.267,0.493,487.68,-1.533,-97.274,20989.064,6249.683,7239.34,2155.578,2.607,168.256,22244.229,6623.418,49.771,23.409,4063.42,4330.952,-0.788,-212.014,89663.523,1.769,-1.389,-326.596,10419.393,3102.468,77869.586,23186.369,71.635,86.846,-1.447,-86.152,5865.778,2948.335,877.893,19699.752,2.51,122.833,16850.006,5017.241,20.27,21.971,2112.12,7.175,49.595,812.488,958.977,285.544,2728.677,6.593,3.043,5.63,114.581,3511.749,4080.346,1214.96,11793.933,28.053,13.154,18.42,0.453,0.669,0.813,2262.581,2782.96,828.651,7598.701,19.133,8.475,-1.277,-143.169,11070.909,231.718,68.996,37180.773,-1.452,-52.16,11893.418,3541.372,1.593,41.467,226.212,73.082,14.57,0.667,1.339,245.441,48.932,759.717,1.687,0.336,0.847,14545.158,26698.119,14.669,113.767,1249.168,1297.386,386.308,4195.231,8.92,4.679,10.086,0.201,2.346,2.769,0.824,7.878,0.019,0.009,49.289,24.907,76.421,90.2,26.858,256.654,0.62,0.286
21116,United States,2007,USA,300608448.0,15364464312320.0,26.305,34.643,553.356,166.344,184.759,55.54,1.253,0.615,490.688,1.347,84.167,21070.098,6333.85,7260.933,2182.698,-1.248,-82.629,21758.5,6540.789,49.25,23.403,4171.76,4431.837,1.37,365.668,90030.031,1.761,1.685,390.619,10703.159,3217.46,78430.891,23576.988,72.599,87.116,6.403,375.605,6241.383,3207.079,964.075,20762.5,4.019,201.648,17361.084,5218.889,21.753,23.062,2174.65,-14.884,-125.252,687.236,808.507,243.044,2286.151,5.484,2.539,1.586,-24.951,3486.798,3997.476,1201.675,11599.136,27.115,12.884,31.25,0.749,2.44,40.715,2303.296,2823.833,848.868,7662.115,19.154,8.511,-0.625,-69.154,11001.755,235.147,70.687,36598.289,0.155,5.505,11798.994,3546.877,1.595,40.651,228.429,73.87,14.64,1.077,2.217,245.733,48.701,759.889,1.667,0.33,0.844,14742.889,27063.787,0.22,-65.666,1183.502,1173.643,352.807,3937.021,7.961,4.373,32.868,0.752,3.097,3.644,1.095,10.304,0.025,0.011,29.564,21.974,98.395,115.758,34.798,327.32,0.785,0.364
21117,United States,2008,USA,303486016.0,15319731011584.0,36.596,60.875,748.697,227.219,181.326,55.03,1.254,0.86,485.027,-1.591,-100.795,20538.193,6233.055,7077.289,2147.858,1.527,99.852,21881.207,6640.641,48.925,23.605,4137.87,4390.106,-2.432,-658.271,87007.352,1.724,-3.314,-781.326,10369.581,3147.023,75112.727,22795.662,71.684,86.329,0.762,47.529,6288.912,3128.452,949.442,20722.246,4.633,241.786,17993.168,5460.675,21.627,23.817,2129.32,3.296,18.24,705.476,827.234,251.054,2324.575,5.719,2.672,6.579,123.055,3609.854,4055.545,1230.801,11894.629,28.036,13.671,32.82,0.793,-0.027,-14.92,2288.376,2796.308,848.64,7540.302,19.331,8.666,-6.618,-728.061,10273.694,163.84,49.723,33852.281,-0.903,-32.034,11581.566,3514.844,1.133,38.907,227.048,73.551,14.84,-0.431,-1.381,242.355,48.898,748.134,1.675,0.338,0.86,14465.596,26405.516,17.38,137.976,1321.477,1259.237,382.161,4354.327,8.705,5.005,49.082,1.492,4.589,5.381,1.633,15.121,0.037,0.017,60.706,58.75,157.145,184.267,55.922,517.8,1.274,0.595
21118,United States,2009,USA,306307552.0,14894294368256.0,13.607,30.918,842.738,258.137,177.893,54.49,1.295,1.028,464.777,-12.044,-750.678,17898.273,5482.376,6201.289,1899.501,-9.34,-620.218,19654.83,6020.423,45.156,21.837,3971.41,4206.493,-4.923,-1299.984,81961.844,1.686,-6.14,-1399.76,9570.996,2931.668,69851.047,21395.902,69.694,85.224,-1.791,-112.631,6176.281,3233.024,990.3,20163.658,2.109,115.15,18203.355,5575.825,23.542,24.601,1955.08,8.157,52.838,758.314,886.472,271.533,2475.661,6.455,3.021,4.281,99.775,3709.628,4121.024,1262.301,12110.796,30.008,14.776,34.05,0.857,-0.912,-34.87,2253.506,2745.279,840.9,7357.004,19.991,8.976,-5.222,-536.45,9737.244,136.684,41.867,31789.109,6.738,236.836,12248.079,3751.679,0.995,38.785,225.447,73.16,15.01,-0.532,-1.601,238.844,49.003,736.016,1.739,0.357,0.898,13732.907,25105.531,11.513,134.645,1456.122,1375.746,421.401,4753.792,10.018,5.8,27.121,1.209,5.798,6.777,2.076,18.927,0.049,0.023,33.457,51.282,208.427,243.652,74.632,680.45,1.774,0.83
21119,United States,2010,USA,309011456.0,15270622003200.0,14.967,38.636,960.396,296.773,181.514,56.09,1.276,1.144,469.334,5.803,318.165,18771.283,5800.542,6467.391,1998.498,1.917,115.405,19856.312,6135.828,45.48,22.351,4137.31,4394.251,3.371,846.334,83983.508,1.699,3.635,777.801,10033.248,3100.389,71756.898,22173.703,70.556,85.442,4.949,305.654,6481.935,3436.895,1062.04,20976.357,3.152,175.75,18612.82,5751.575,24.169,24.977,2062.37,-5.251,-44.228,714.086,832.573,257.275,2310.873,5.855,2.752,3.731,68.533,3778.161,4143.53,1280.398,12226.605,29.138,14.558,25.98,0.628,1.016,8.922,2262.428,2748.896,849.44,7321.503,19.331,8.718,1.581,153.983,9891.228,128.961,39.851,32009.258,3.273,122.798,12538.298,3874.478,0.907,38.114,231.142,75.062,15.22,2.6,5.695,242.91,49.254,748.004,1.708,0.346,0.891,14220.35,25951.865,7.092,59.61,1515.733,1394.634,430.958,4905.102,9.807,5.841,45.139,2.565,8.363,9.751,3.013,27.063,0.069,0.032,28.106,56.941,265.368,309.401,95.608,858.766,2.176,1.023
21120,United States,2011,USA,311584064.0,15509302018048.0,8.285,24.587,1031.376,321.36,181.877,56.67,1.299,1.249,453.639,-5.646,-327.47,17565.312,5473.071,6021.938,1876.34,0.831,51.001,19856.051,6186.829,43.002,21.274,4123.3,4363.377,-0.87,-225.801,82565.406,1.659,-1.912,-423.967,9624.312,2998.782,69803.75,21749.736,68.726,84.544,1.545,100.173,6582.108,3498.215,1089.988,21124.662,7.337,422.011,19813.547,6173.585,24.98,25.585,1979.4,22.863,157.912,871.998,1014.479,316.095,2798.596,7.244,3.39,5.959,198.168,3976.329,4332.038,1349.794,12761.656,30.935,15.456,37.25,0.903,-2.077,-60.508,2201.92,2669.565,831.794,7066.856,19.063,8.559,-1.988,-196.671,9694.557,104.158,32.454,31113.775,3.985,154.409,12930.337,4028.887,0.744,37.684,233.103,75.775,15.32,0.95,1.961,243.193,49.168,748.122,1.737,0.351,0.906,14003.852,25726.064,15.339,258.676,1774.409,1662.472,518.0,5694.8,11.872,6.897,57.28,4.71,13.073,15.209,4.739,41.957,0.109,0.051,26.966,69.506,334.874,389.592,121.391,1074.748,2.782,1.302
21121,United States,2012,USA,314043872.0,15849635184640.0,0.193,0.619,1025.27,321.98,183.478,57.62,1.337,1.285,440.986,-11.596,-634.667,15406.778,4838.404,5224.736,1640.796,-6.951,-430.02,18331.227,5756.809,38.064,19.317,4085.23,4310.569,-2.636,-678.199,79759.125,1.58,-2.563,-557.518,9501.529,2983.897,67481.711,21192.219,69.223,84.607,4.544,299.12,6881.228,4197.394,1318.166,21911.678,5.146,317.663,20669.877,6491.248,30.58,27.472,1900.9,-13.308,-120.625,751.373,872.585,274.03,2392.572,6.357,3.0,-2.214,-120.685,3855.644,4178.3,1312.17,12277.405,30.441,15.393,47.26,1.157,-2.641,-71.156,2130.764,2578.692,809.822,6784.925,18.787,8.507,-2.29,-221.97,9472.587,79.4,24.935,30163.26,14.094,567.813,14637.128,4596.7,0.578,37.818,236.724,77.036,15.56,1.664,3.621,245.304,49.547,753.793,1.787,0.361,0.945,13726.01,25047.865,-1.791,-49.529,1724.88,1599.609,502.347,5492.479,11.654,6.886,90.698,11.706,24.779,28.776,9.037,78.903,0.21,0.099,17.179,55.15,390.024,452.944,142.244,1241.942,3.3,1.557
21122,United States,2013,USA,316400544.0,16108428984320.0,10.388,33.447,1123.343,355.426,192.351,60.86,1.405,1.381,440.742,3.8,183.867,15873.145,5022.271,5417.006,1713.944,-3.267,-188.096,17600.201,5568.713,39.58,19.521,4110.5,4330.293,2.714,679.885,81313.859,1.597,2.491,527.834,9332.011,2952.653,68647.328,21720.053,68.186,84.423,2.747,189.0,7070.228,3822.688,1209.501,22345.814,1.012,65.679,20723.502,6556.927,27.931,27.481,1908.54,-2.73,-24.913,726.46,842.444,266.55,2296.013,6.155,2.824,5.178,152.053,4007.697,4308.886,1363.334,12666.53,31.484,15.577,57.88,1.408,2.559,41.357,2172.121,2624.975,830.544,6865.098,19.18,8.443,1.636,154.966,9627.553,92.317,29.209,30428.369,13.52,621.496,16492.375,5218.196,0.675,37.421,247.921,80.666,15.77,4.711,11.197,254.948,49.842,783.568,1.863,0.364,0.964,13686.111,25727.75,7.751,110.697,1835.576,1683.91,532.79,5801.433,12.304,7.135,77.489,18.936,43.715,50.694,16.04,138.163,0.37,0.17,19.186,72.03,462.054,535.824,169.535,1460.345,3.915,1.796
21123,United States,2014,USA,318673440.0,16482662612992.0,1.432,5.089,1131.3,360.515,200.801,63.99,1.467,1.387,438.652,-0.227,-11.416,15724.109,5010.856,5377.575,1713.69,1.422,79.182,17723.145,5647.896,39.275,19.275,4146.03,4363.326,1.043,268.469,81576.359,1.577,0.952,206.674,9280.99,2957.605,68806.258,21926.727,67.783,84.346,2.155,152.376,7222.604,3801.407,1211.407,22664.596,7.478,490.337,22114.377,7047.265,27.763,27.783,1913.98,-4.051,-33.606,692.853,802.548,255.751,2174.18,5.861,2.665,1.943,61.795,4069.492,4367.007,1391.649,12770.101,31.894,15.654,53.21,1.283,1.033,9.294,2181.415,2633.172,839.122,6845.298,19.231,8.391,0.683,65.713,9693.266,102.008,32.507,30417.551,16.933,883.591,19147.461,6101.787,0.745,37.287,258.466,84.07,15.88,4.221,10.545,263.813,49.832,811.069,1.927,0.364,0.994,13692.154,25996.219,2.795,52.5,1888.077,1733.835,552.527,5924.802,12.663,7.263,82.149,35.435,79.149,91.681,29.216,248.372,0.67,0.304,8.231,35.039,497.093,575.794,183.49,1559.882,4.205,1.912
21124,United States,2015,USA,320878304.0,16902578503680.0,4.631,16.696,1175.559,377.211,198.299,63.63,1.463,1.465,420.386,-13.606,-681.778,13491.338,4329.078,4575.864,1468.296,-11.533,-651.388,15571.347,4996.507,33.764,16.814,4147.46,4348.669,-0.959,-249.186,80239.25,1.523,-1.237,-271.137,9139.048,2932.522,67488.484,21655.59,67.435,84.109,2.952,213.19,7435.795,4468.521,1433.852,23173.256,5.048,355.768,23071.152,7403.032,32.972,28.88,1828.12,-3.635,-29.162,663.691,768.058,246.453,2068.359,5.667,2.578,1.509,21.95,4091.442,4367.373,1401.395,12750.761,32.226,15.891,66.67,1.607,0.001,-12.952,2168.462,2615.118,839.135,6757.896,19.296,8.422,2.037,197.452,9890.718,94.662,30.375,30823.891,8.094,493.852,20554.953,6595.639,0.698,38.415,257.115,83.736,15.92,-0.397,-1.351,260.96,49.614,801.286,1.926,0.366,0.999,13552.395,25747.033,2.895,34.903,1922.98,1752.255,562.261,5992.863,12.929,7.469,34.947,27.024,106.174,122.87,39.426,330.885,0.907,0.412,4.989,21.695,518.788,600.368,192.645,1616.774,4.43,2.015
21125,United States,2016,USA,323016000.0,17162557194240.0,8.488,32.017,1266.9,409.229,194.294,62.76,1.443,1.591,403.693,-8.508,-368.337,12261.749,3960.741,4167.562,1346.189,-18.271,-912.933,12642.02,4083.574,30.962,15.398,4150.73,4347.911,-0.093,-23.881,79634.297,1.499,-1.119,-242.283,8836.301,2854.267,66291.781,21413.307,65.647,83.245,0.742,55.194,7490.989,4588.164,1482.05,23190.768,-1.749,-129.471,22517.648,7273.561,34.086,29.122,1755.22,7.024,42.414,706.105,816.565,263.764,2185.976,6.066,2.745,6.18,218.402,4309.845,4579.621,1479.291,13342.512,34.023,16.755,66.5,1.602,1.068,10.197,2178.659,2625.563,848.099,6744.742,19.506,8.47,0.716,70.858,9961.576,80.574,26.027,30839.266,-4.325,-285.28,19535.746,6310.358,0.599,38.726,253.683,82.723,15.83,-1.211,-3.432,256.094,49.007,785.359,1.903,0.364,0.986,13460.357,25723.152,10.745,208.206,2131.185,1954.058,631.192,6597.77,14.517,8.285,40.567,42.188,148.362,171.571,55.42,459.302,1.275,0.577,19.02,95.018,613.806,709.827,229.285,1900.233,5.273,2.386
21126,United States,2017,USA,325084736.0,17596283879424.0,0.202,0.825,1261.375,410.054,192.965,62.73,1.458,1.588,392.519,-2.731,-108.148,11851.041,3852.593,4029.732,1310.005,6.534,266.804,13382.291,4350.378,30.447,14.922,4105.51,4302.538,0.373,95.879,79422.469,1.467,-0.481,-103.016,8388.671,2727.029,65553.031,21310.291,63.382,82.537,-1.216,-91.067,7399.922,4288.187,1394.024,22763.057,2.587,188.146,22953.113,7461.707,32.4,28.661,1688.83,12.527,83.783,789.888,913.013,296.806,2429.791,6.898,3.059,4.415,198.896,4508.74,4804.443,1561.851,13869.431,36.301,17.463,56.31,1.372,-0.092,-14.816,2163.843,2606.445,847.315,6656.243,19.693,8.381,0.966,96.199,10057.775,70.751,23.0,30938.936,5.813,366.828,20539.834,6677.187,0.535,38.955,253.612,82.8,15.93,0.094,-0.071,254.704,49.003,780.141,1.924,0.37,0.982,13235.128,25819.031,8.09,213.712,2344.897,2197.999,714.536,7213.187,16.607,9.082,40.847,59.372,207.734,240.115,78.058,639.015,1.814,0.805,12.031,69.804,683.609,790.168,256.871,2102.865,5.97,2.648
21127,United States,2018,USA,327096256.0,18140645818368.0,-1.325,-5.433,1237.008,404.621,189.027,61.83,1.386,1.512,388.023,-4.234,-163.134,11279.428,3689.458,3822.985,1250.484,-1.676,-72.927,13077.041,4277.451,28.028,13.786,4243.29,4461.586,3.654,943.441,81818.344,1.475,4.205,896.049,8735.413,2857.321,67889.312,22206.34,64.043,82.976,11.044,817.227,8217.149,4829.503,1579.713,25121.502,12.7,947.654,25709.133,8409.361,35.407,30.704,1731.2,-2.457,-23.911,765.977,885.105,289.515,2341.747,6.489,2.862,1.187,47.394,4556.134,4863.095,1590.7,13929.03,35.653,17.024,44.46,1.048,0.265,-6.949,2156.894,2597.286,849.563,6594.066,19.042,8.059,2.406,241.955,10299.73,82.925,27.124,31488.377,16.533,1103.934,23788.473,7781.121,0.608,38.486,250.438,81.893,15.97,-1.096,-3.174,250.364,48.824,765.641,1.836,0.358,0.936,13639.98,26762.473,1.882,54.343,2399.24,2265.809,741.138,7334.965,16.612,8.965,20.819,41.78,249.513,288.319,94.308,762.814,2.114,0.932,7.222,45.081,728.691,842.02,275.422,2227.756,6.173,2.723
21128,United States,2019,USA,329064896.0,,2.78,11.25,1263.794,415.87,174.768,57.51,1.304,1.565,370.247,-14.609,-538.999,9573.978,3150.46,3194.284,1051.127,-7.21,-308.397,12061.615,3969.054,23.829,11.856,4195.02,4411.159,-0.713,-190.812,80749.0,,-1.193,-265.031,8436.101,2776.024,66677.758,21941.309,62.932,82.574,3.526,289.768,8506.917,5181.885,1705.177,25851.791,10.366,871.75,28204.502,9281.111,38.656,32.015,1633.22,-1.398,-13.492,752.485,867.512,285.468,2286.737,6.471,2.832,2.09,74.218,4630.352,4926.514,1621.143,14071.241,36.751,17.426,39.04,0.931,0.288,-1.763,2155.132,2589.185,852.01,6549.26,19.315,8.111,-0.153,-15.799,10283.932,59.931,19.721,31251.986,12.083,940.16,26503.223,8721.28,0.447,38.703,234.433,76.821,15.47,-6.194,-16.005,233.451,47.012,712.421,1.742,0.351,0.882,13405.134,26571.66,3.425,75.98,2475.22,2337.33,769.133,7521.981,17.436,9.315,14.49,35.102,284.616,328.123,107.974,864.923,2.448,1.071,8.514,59.126,787.816,908.244,298.871,2394.106,6.775,2.965
21129,United States,2020,USA,331002656.0,,-9.029,-37.549,1142.955,378.321,165.255,54.7,1.277,1.538,348.543,-18.863,-594.279,7722.541,2556.181,2550.775,844.313,-24.92,-989.092,9002.835,2979.962,19.705,10.394,4088.29,4284.785,-7.446,-1978.438,74299.172,,-9.269,-2033.705,7883.247,2609.375,60143.336,19907.604,60.899,80.948,-2.209,-187.893,8319.024,5276.139,1746.416,25132.803,-1.316,-122.113,27670.467,9158.998,40.759,33.826,1493.43,-0.941,-9.822,742.663,854.315,282.78,2243.678,6.6,3.02,0.159,55.268,4685.62,5020.903,1661.932,14155.837,38.787,19.052,47.31,1.157,-2.413,-59.727,2095.404,2511.918,831.451,6330.476,19.405,8.52,-12.17,-1251.534,9032.397,56.333,18.646,27287.99,-5.113,-445.946,25000.809,8275.334,0.435,36.727,225.964,74.307,15.89,-3.272,-8.469,224.492,48.006,682.665,1.734,0.371,0.919,12944.864,24593.223,2.008,114.995,2590.215,2508.985,830.481,7825.361,19.382,10.532,22.29,62.163,346.779,398.913,132.041,1047.662,3.082,1.41,14.214,108.672,896.488,1031.265,341.352,2708.401,7.967,3.645
21130,United States,2021,USA,332915072.0,,8.871,33.559,1237.193,411.88,166.649,55.48,1.259,1.595,357.202,14.88,380.367,8820.712,2936.548,2939.048,978.453,8.573,255.485,9718.536,3235.447,22.205,11.371,4196.43,4406.413,5.01,1232.238,77573.719,,5.572,1109.158,8087.481,2692.444,63129.5,21016.762,61.103,81.38,-0.623,-51.851,8267.174,5087.771,1693.796,24832.682,1.998,183.034,28061.307,9342.032,38.439,32.012,1573.98,-8.873,-68.372,674.292,774.042,257.69,2025.417,5.848,2.611,3.572,123.078,4808.697,5110.153,1701.247,14444.216,38.608,18.62,39.33,0.937,-1.485,-38.666,2056.739,2460.408,819.107,6177.968,18.589,7.964,8.643,780.643,9813.04,60.663,20.195,29476.105,-0.06,-4.954,24842.311,8270.38,0.458,37.998,229.336,75.49,16.24,1.592,3.372,226.755,48.781,688.872,1.713,0.369,0.888,13235.848,25825.461,7.05,161.743,2751.958,2649.745,882.14,8266.248,20.019,10.656,25.231,85.906,432.685,496.693,165.357,1299.685,3.753,1.675,12.378,107.278,1003.766,1152.256,383.603,3015.081,8.706,3.887
